episode,reward
1,-5.000
2,-5.000
3,138.100
4,-5.000
5,-5.000
6,-5.000
7,115.100
8,-5.000
9,200.900
10,-5.000
11,-5.000
12,116.200
13,266.600
14,179.000
15,-5.000
16,-5.000
17,-5.000
18,-5.000
19,-5.000
20,302.300
21,-5.000
22,-5.000
23,-4.700
24,-5.000
25,198.000
26,-4.500
27,-5.000
28,107.800
29,-5.000
30,217.700
1,-5.000
1,167.000
1,-5.000
1,-5.000
1,0.000
1,-5.000
1,0.000
1,-5.000
1,-5.000
1,-5.000
1,-5.000
1,170.000
1,-5.000
1,-4.700
1,-5.000
1,158.100
2,100.800
3,-5.000
4,150.400
5,237.500
1,-5.000
2,-5.000
3,126.600
4,-5.000
5,145.200
1,0.000
2,0.000
3,0.000
4,0.000
5,0.000
1,0.000
2,0.000
3,0.000
4,0.000
5,0.000
1,-5.000
2,-5.000
3,171.700
4,169.500
5,-5.000
1,-5.000
2,-5.000
3,-5.000
4,81.600
5,-5.000
1,-5.000
2,264.200
3,-5.000
4,-5.000
5,-5.000
1,-5.000
2,157.400
3,-5.000
4,-3.900
5,160.200
6,-2.100
7,168.400
8,368.300
9,-5.000
10,-5.000
11,142.600
12,7692.600
13,89.400
14,-5.000
15,-5.000
16,-5.000
17,-5.000
18,110.600
19,87.000
20,194.300
21,-5.000
22,-5.000
23,316.600
24,-5.000
25,-5.000
26,-5.000
27,156.000
28,-5.000
29,-5.000
30,-5.000
31,-5.000
32,-5.000
33,99.300
34,-5.000
35,-5.000
36,-4.200
37,-5.000
38,-5.000
39,-5.000
40,-5.000
41,-5.000
42,109.000
43,137.500
44,-5.000
45,218.800
46,108.400
47,107.300
48,-4.100
49,-5.000
50,131.900
51,5346.600
52,91.500
53,-5.000
54,-5.000
55,158.900
56,-5.000
57,-5.000
58,88.600
59,-5.000
60,-4.500
61,-5.000
62,-5.000
63,155.800
64,256.700
65,-4.200
66,98.600
67,-5.000
68,-5.000
69,349.700
70,-5.000
71,102.300
72,220.700
73,188.300
74,-5.000
75,204.100
76,133.800
77,83.000
78,141.900
79,-5.000
80,-5.000
81,146.200
82,-5.000
83,-5.000
84,222.100
85,117.700
86,139.200
87,126.100
88,-5.000
89,-5.000
90,166.700
91,80.600
92,-5.000
93,120.900
94,-5.000
95,177.000
96,98.700
97,-5.000
98,167.200
99,92.100
100,136.700
1,-5.000
2,111.200
3,112.200
4,-5.000
5,-5.000
6,-5.000
7,-5.000
8,140.600
9,-5.000
10,151.500
11,-5.000
12,160.200
13,-5.000
14,-3.900
15,252.200
16,-5.000
17,-5.000
18,136.000
19,-5.000
20,-5.000
21,-2.800
22,-5.000
23,-4.700
24,-5.000
25,114.100
26,335.800
27,-4.200
28,-5.000
29,-5.000
30,-5.000
31,-5.000
32,103.400
33,216.800
34,-5.000
35,87.700
36,-5.000
37,-5.000
38,-5.000
39,83.700
40,143.300
41,-5.000
42,-5.000
43,91.300
44,-5.000
45,123.700
46,88.800
47,172.000
48,300.400
49,198.400
50,-3.300
51,168.800
52,-5.000
53,304.700
54,141.900
55,-5.000
56,105.700
57,91.400
58,80.200
59,294.700
60,-5.000
61,-5.000
62,-5.000
63,-5.000
64,-5.000
65,-5.000
66,-5.000
67,237.400
68,-5.000
69,282.300
70,-4.200
71,319.700
72,-5.000
73,-5.000
74,153.400
75,-5.000
76,151.800
77,124.400
78,-5.000
79,-5.000
80,-5.000
81,-5.000
82,-5.000
83,143.900
84,-5.000
85,-5.000
86,405.000
87,-5.000
88,-5.000
89,170.400
90,-5.000
91,100.800
92,-5.000
93,-4.200
94,176.300
95,166.400
96,284.800
97,305.200
98,-5.000
99,129.700
100,-5.000
101,284.100
102,-5.000
103,-5.000
104,-5.000
105,642.300
106,185.600
107,-4.700
108,-5.000
109,398.700
110,-5.000
111,138.400
112,194.200
113,-3.500
114,-5.000
115,-5.000
116,-5.000
117,327.400
118,-5.000
119,-4.500
120,183.500
121,-5.000
122,263.300
123,-5.000
124,-5.000
125,-5.000
126,-5.000
127,-5.000
128,94.700
129,-4.700
130,-5.000
131,-5.000
132,127.300
133,145.300
134,-4.700
135,223.200
136,422.100
137,181.900
138,-4.200
139,-5.000
140,423.900
141,141.200
142,-5.000
143,-5.000
144,-5.000
145,-3.700
146,109.800
147,102.000
148,116.900
149,-5.000
150,193.000
151,-4.500
152,170.200
153,82.300
154,151.700
155,103.400
156,-4.700
157,-5.000
158,-5.000
159,-3.600
160,249.100
161,7.800
162,-5.000
163,125.800
164,-4.200
165,182.100
166,183.700
167,-5.000
168,140.800
169,218.700
170,-2.700
171,139.300
172,-4.200
173,138.600
174,-5.000
175,191.600
176,164.400
177,87.500
178,-5.000
179,-4.500
180,237.900
181,-5.000
182,-5.000
183,-5.000
184,-5.000
185,114.800
186,98.000
187,80.000
188,-5.000
189,-5.000
190,88.900
191,110.400
192,-5.000
193,163.500
194,-5.000
195,-5.000
196,-4.500
197,-5.000
198,-5.000
199,-5.000
200,-5.000
201,89.900
202,-5.000
203,-5.000
204,120.900
205,-5.000
206,206.700
207,84.700
208,-5.000
209,-4.200
210,-5.000
211,-5.000
212,-5.000
213,232.000
214,-5.000
215,-5.000
216,-5.000
217,157.900
218,-5.000
219,-5.000
220,-5.000
221,93.800
222,172.400
223,116.900
224,-4.700
225,-5.000
226,-5.000
227,-5.000
228,-5.000
229,-5.000
230,169.500
231,-5.000
232,112.700
233,119.700
234,150.900
235,109.500
236,-5.000
237,-5.000
238,-5.000
239,90.300
240,113.600
241,208.700
242,178.600
243,-5.000
244,-5.000
245,-5.000
246,181.400
247,-5.000
248,-5.000
249,264.500
250,-5.000
251,-4.200
252,-5.000
253,-5.000
254,-5.000
255,-5.000
256,-4.200
257,-5.000
258,85.400
259,-5.000
260,-5.000
261,145.700
262,-5.000
263,-4.700
264,-5.000
265,-5.000
266,104.900
267,-5.000
268,-5.000
269,235.100
270,-5.000
271,-5.000
272,-5.000
273,-5.000
274,89.000
275,-5.000
276,334.800
277,-5.000
278,95.000
279,118.700
280,115.000
281,-5.000
282,-5.000
283,131.900
284,110.800
285,-5.000
286,-4.700
287,-4.500
288,-5.000
289,-3.500
290,-5.000
291,112.800
292,-5.000
293,113.200
294,82.200
295,-5.000
296,259.100
297,-5.000
298,104.900
299,-5.000
300,117.900
301,149.600
302,-5.000
303,-5.000
304,879.600
305,113.900
306,-5.000
307,365.400
308,129.600
309,356.600
310,-5.000
311,-5.000
312,-5.000
313,2.000
314,-5.000
315,293.700
316,-4.500
317,-3.800
318,107.100
319,-4.000
320,98.700
321,-5.000
322,134.300
323,129.800
324,-5.000
325,158.400
326,-5.000
327,-5.000
328,-5.000
329,132.500
330,-5.000
331,-5.000
332,-5.000
333,202.700
334,110.900
335,-5.000
336,141.400
337,131.200
338,-5.000
339,-5.000
340,-5.000
341,-5.000
342,84.100
343,-5.000
344,-5.000
345,-5.000
346,-5.000
347,-5.000
348,126.100
349,-5.000
350,100.900
351,96.000
352,131.100
353,-5.000
354,107.500
355,146.600
356,153.800
357,-4.700
358,100.100
359,-2.800
360,-5.000
361,-5.000
362,-5.000
363,-5.000
364,133.100
365,-5.000
366,-5.000
367,162.300
368,-5.000
369,81.700
370,148.300
371,-5.000
372,185.300
373,153.500
374,98.400
375,-4.700
376,-5.000
377,101.600
378,151.700
379,159.100
380,-4.200
381,96.100
382,-4.700
383,-5.000
384,130.100
385,-5.000
386,100.400
387,-4.700
388,-5.000
389,-5.000
390,149.900
391,-5.000
392,198.300
393,-5.000
394,-5.000
395,-5.000
396,99.200
397,-5.000
398,-5.000
399,103.300
400,-4.400
1,256.300
2,-5.000
3,-3.600
4,-4.500
5,-5.000
6,162.600
7,-5.000
8,114.100
9,-5.000
10,-4.700
11,129.200
12,-5.000
13,-5.000
14,-5.000
15,298.100
16,164.300
17,83.800
18,-5.000
19,-5.000
20,-5.000
21,194.400
22,-3.900
23,167.800
24,253.200
25,254.700
26,-5.000
27,-5.000
28,-5.000
29,134.100
30,-5.000
31,-4.100
32,80.200
33,136.100
34,244.800
35,-4.200
36,92.300
37,154.000
38,-4.500
39,159.600
40,-5.000
41,677.600
42,91.300
43,-5.000
44,-5.000
45,-5.000
46,-5.000
47,172.800
48,-5.000
49,-5.000
50,186.500
51,-5.000
52,-5.000
53,-5.000
54,-4.200
55,127.900
56,-4.400
57,-5.000
58,170.200
59,-5.000
60,-3.900
61,-5.000
62,-5.000
63,369.200
64,238.900
65,114.200
66,-4.500
67,-3.600
68,123.600
69,213.500
70,265.000
71,114.100
72,298.800
73,181.800
74,-5.000
75,381.800
76,175.500
77,-5.000
78,-5.000
79,139.700
80,-5.000
81,-5.000
82,320.600
83,-4.200
84,158.400
85,-5.000
86,-5.000
87,109.400
88,-5.000
89,157.700
90,104.400
91,-4.700
92,113.100
93,-5.000
94,-5.000
95,236.400
96,142.400
97,173.600
98,163.600
99,-5.000
100,143.700
101,93.700
102,170.300
103,-3.800
104,381.200
105,-5.000
106,-5.000
107,-5.000
108,183.900
109,129.400
110,-5.000
111,259.900
112,-5.000
113,82.900
114,354.000
115,-5.000
116,-4.200
117,-4.700
118,-5.000
119,146.300
120,104.200
121,112.100
122,96.200
123,-5.000
124,-5.000
125,-5.000
126,101.600
127,-5.000
128,108.400
129,-5.000
130,-5.000
131,92.900
132,-5.000
133,326.400
134,-5.000
135,-5.000
136,-5.000
137,-5.000
138,-5.000
139,114.800
140,174.900
141,-5.000
142,178.100
143,-5.000
144,-5.000
145,157.300
146,-5.000
147,1694.300
148,437.300
149,111.900
150,-5.000
151,-5.000
152,-5.000
153,-5.000
154,-5.000
155,136.200
156,-5.000
157,249.500
158,207.400
159,99.400
160,-5.000
161,-5.000
162,-5.000
163,224.200
164,178.900
165,-5.000
166,-5.000
167,-5.000
168,-5.000
169,-5.000
170,117.100
171,-4.200
172,92.800
173,201.800
174,-5.000
175,-3.100
176,-5.000
177,116.200
178,103.100
179,100.100
180,-5.000
181,-5.000
182,175.100
183,112.400
184,-3.900
185,-5.000
186,137.800
187,176.100
188,-5.000
189,-5.000
190,187.400
191,97.600
192,109.800
193,96.100
194,-5.000
195,232.600
196,93.000
197,122.200
198,166.500
199,-4.700
200,105.100
201,91.600
202,173.600
203,-5.000
204,-5.000
205,-5.000
206,-5.000
207,4039.100
208,144.100
209,-4.200
210,102.200
211,-5.000
212,-5.000
213,311.900
214,-5.000
215,127.400
216,-5.000
217,522.800
218,-5.000
219,-5.000
220,-5.000
221,-5.000
222,-5.000
223,144.000
224,109.200
225,-5.000
226,-5.000
227,110.900
228,-5.000
229,116.600
230,-5.000
231,334.100
232,118.000
233,-5.000
234,-5.000
235,279.200
236,-5.000
237,-5.000
238,144.200
239,-5.000
240,157.400
241,-5.000
242,231.400
243,-5.000
244,133.100
245,-5.000
246,137.300
247,183.300
248,329.500
249,-4.500
250,-4.400
251,-5.000
252,223.000
253,-5.000
254,128.600
255,147.800
256,138.300
257,135.200
258,98.200
259,-5.000
260,-5.000
261,-5.000
262,88.900
263,205.000
264,-4.700
265,126.800
266,101.400
267,-4.700
268,-5.000
269,-5.000
270,92.700
271,89.800
272,-5.000
273,101.000
274,176.300
275,92.800
276,139.500
277,215.600
278,158.000
279,119.400
280,158.000
281,-5.000
282,-5.000
283,-5.000
284,149.000
285,134.900
286,-5.000
287,213.100
288,-4.500
289,210.300
290,91.800
291,162.500
292,106.600
293,-5.000
294,-5.000
295,-4.100
296,-4.700
297,153.400
298,178.200
299,165.400
300,133.000
301,124.500
302,118.700
303,-5.000
304,-5.000
305,106.300
306,-5.000
307,148.900
308,113.800
309,370.500
310,-5.000
311,260.000
312,153.100
313,-5.000
314,110.800
315,221.200
316,-5.000
317,-5.000
318,-5.000
319,-5.000
320,192.500
321,181.100
322,-5.000
323,-5.000
324,-5.000
325,-4.200
326,-5.000
327,-5.000
328,125.600
329,-5.000
330,-5.000
331,-5.000
332,-5.000
333,-5.000
334,179.600
335,-4.500
336,-4.700
337,-5.000
338,239.800
339,-5.000
340,-5.000
341,192.500
342,-5.000
343,-5.000
344,260.900
345,-5.000
346,-5.000
347,-5.000
348,130.500
349,-5.000
350,-5.000
351,-5.000
352,-5.000
353,-3.600
354,205.900
355,470.000
356,-5.000
357,-5.000
358,-5.000
359,-5.000
360,-5.000
361,-5.000
362,-5.000
363,-5.000
364,-5.000
365,141.500
366,-4.700
367,-4.400
368,-5.000
369,-5.000
370,138.100
371,-5.000
372,202.100
373,184.800
374,-5.000
375,-5.000
376,403.700
377,243.100
378,265.700
379,346.500
380,-5.000
381,-5.000
382,-5.000
383,192.300
384,-5.000
385,-5.000
386,-5.000
387,168.100
388,-5.000
389,-5.000
390,-5.000
391,81.400
392,-5.000
393,-5.000
394,173.300
395,206.400
396,-4.700
397,154.000
398,-5.000
399,-5.000
400,-5.000
1,-5.000
1,-5.000
1,-5.000
1,-5.000
1,-5.000
2,-5.000
3,166.500
4,-5.000
5,295.400
6,-5.000
7,154.100
8,176.500
9,-5.000
10,-5.000
1,-4.700
2,-5.000
1,-5.000
1,-5.000
1,-5.000
1,-4.700
1,-5.000
1,-5.000
1,-5.000
1,-5.000
1,-5.000
1,-4.700
1,-5.000
1,-5.000
2,-4.500
3,-4.700
4,-5.000
5,216.000
6,-4.700
7,617.000
8,-5.000
9,-5.000
10,128.900
11,152.300
12,-5.000
13,144.600
14,0.000
15,-5.000
16,-4.700
17,113.800
18,196.400
19,-5.000
20,-5.000
21,-4.400
22,195.200
23,118.600
24,-1.400
25,-5.000
26,-4.400
27,127.500
28,129.400
29,-4.400
30,141.800
31,135.000
32,137.500
33,-4.400
34,134.200
35,119.500
36,-5.000
37,-4.100
38,123.300
39,127.100
40,127.600
41,136.900
42,-4.100
43,139.400
44,118.100
45,-3.900
46,-5.000
47,-3.900
48,-4.700
49,129.700
50,1.400
51,112.800
52,-5.000
53,-5.000
54,-4.400
55,-5.000
56,106.200
57,-5.000
58,159.100
59,-5.000
60,-5.000
61,124.200
62,-5.000
63,-5.000
64,138.400
65,-5.000
66,-4.700
67,110.500
68,131.100
69,-5.000
70,142.700
71,-4.100
72,125.400
73,-4.200
74,-4.100
75,-4.700
76,103.400
77,-4.400
78,143.800
79,-4.700
80,115.100
81,251.100
82,162.200
83,-4.700
84,-5.000
85,158.500
86,-4.700
87,-5.000
88,101.200
89,-5.000
90,-5.000
91,-4.700
92,-5.000
93,124.000
94,1766.300
95,-5.000
96,-4.700
97,-3.900
98,121.200
99,107.100
100,-4.100
1,-5.000
2,-5.000
3,-4.700
4,-4.100
5,-5.000
6,195.400
7,132.100
8,-5.000
9,-5.000
10,138.000
11,150.400
12,0.700
13,-4.100
14,141.900
15,-4.700
16,-5.000
17,-4.500
18,-5.000
19,-4.200
20,168.900
21,-4.100
22,-4.500
23,169.800
24,153.300
25,-5.000
26,152.100
27,124.400
28,-3.300
29,-3.600
30,-5.000
31,-5.000
32,-1.500
33,-5.000
34,172.800
35,-5.000
36,-5.000
37,-5.000
38,-5.000
39,134.200
40,-5.000
41,-4.100
42,-4.700
43,-5.000
44,152.400
45,-2.500
46,130.800
47,-0.100
48,-5.000
49,-3.600
50,158.400
51,-4.700
52,-5.000
53,-5.000
54,-3.600
55,115.500
56,99.200
57,-5.000
58,138.500
59,-3.100
60,-5.000
61,-4.500
62,-5.000
63,-5.000
64,-5.000
65,175.400
66,-5.000
67,-5.000
68,137.000
69,-5.000
70,101.800
71,-4.700
72,137.600
73,128.400
74,106.900
75,-5.000
76,-3.800
77,1.500
78,107.600
79,-5.000
80,153.700
81,107.100
82,-5.000
83,184.600
84,-5.000
85,-5.000
86,134.600
87,-4.100
88,-5.000
89,118.900
90,-5.000
91,-5.000
92,3.000
93,97.900
94,115.500
95,-4.500
96,-4.400
97,-4.400
98,-4.700
99,-3.400
100,-5.000
1,197.000
2,-5.000
3,129.200
4,-4.700
5,-5.000
6,148.700
7,-2.800
8,-4.700
9,-5.000
10,-4.400
11,-4.700
12,-4.400
13,128.200
14,-1.900
15,-5.000
16,-5.000
17,-3.300
18,137.800
19,-1.600
20,141.100
21,-4.200
22,143.700
23,-5.000
24,-4.400
25,-5.000
26,-4.700
27,358.500
28,110.000
29,131.800
30,-3.900
31,167.600
32,-2.400
33,146.400
34,-3.700
35,-3.000
36,149.600
37,168.200
38,131.900
39,124.100
40,143.500
41,-5.000
42,-5.000
43,-5.000
44,-4.700
45,-5.000
46,125.200
47,-5.000
48,131.500
49,118.800
50,129.900
51,-4.400
52,-5.000
53,-5.000
54,-3.900
55,95.800
56,-5.000
57,139.500
58,156.600
59,-5.000
60,-4.700
61,-5.000
62,-5.000
63,-3.000
64,-5.000
65,137.600
66,-4.700
67,139.100
68,-5.000
69,-3.400
70,181.700
71,157.700
72,-5.000
73,215.500
74,-5.000
75,-5.000
76,-5.000
77,-4.700
78,-3.900
79,-5.000
80,-5.000
81,-5.000
82,166.800
83,-4.100
84,-5.000
85,236.500
86,-4.700
87,-4.400
88,-4.700
89,143.700
90,163.500
91,131.300
92,-3.600
93,-5.000
94,113.800
95,301.400
96,-5.000
97,133.100
98,-5.000
99,-5.000
100,144.200
1,-5.000
2,125.500
3,-5.000
4,-5.000
5,-4.700
6,137.200
7,-2.400
8,-5.000
9,182.000
10,-4.400
11,196.100
12,-5.000
13,-4.700
14,485.500
15,-5.000
16,-4.200
17,145.300
18,-4.700
19,142.500
20,140.700
21,148.700
22,-5.000
23,135.400
24,-5.000
25,-3.500
26,-3.900
27,162.400
28,-3.300
29,-5.000
30,-1.700
31,124.500
32,-5.000
33,124.400
34,161.000
35,117.700
36,-5.000
37,-1.500
38,142.300
39,167.600
40,132.300
41,116.500
42,111.600
43,-5.000
44,-4.700
45,143.900
46,-4.100
47,-4.700
48,-5.000
49,-4.400
50,-5.000
51,128.100
52,120.700
53,16.700
54,-4.100
55,-4.700
56,159.700
57,111.200
58,-4.100
59,-3.100
60,-4.400
61,-5.000
62,-5.000
63,-5.000
64,127.800
65,-2.300
66,138.700
67,-3.900
68,102.200
69,106.100
70,-5.000
71,115.400
72,103.300
73,-5.000
74,106.600
75,-4.100
76,-5.000
77,-5.000
78,134.900
79,107.700
80,-4.700
81,114.000
82,148.300
83,117.300
84,-3.900
85,-5.000
86,122.100
87,-5.000
88,159.200
89,147.300
90,-5.000
91,-5.000
92,175.900
93,122.500
94,-5.000
95,159.300
96,152.700
97,145.600
98,127.400
99,-3.800
100,105.900
1,164.500
2,98.800
3,89.900
4,117.400
5,107.700
6,103.300
7,116.500
8,120.600
9,98.200
10,107.400
11,131.500
12,116.600
13,117.700
14,112.600
15,136.400
16,101.100
17,103.500
18,103.700
19,121.000
20,104.200
21,118.800
22,108.500
23,106.600
24,152.700
25,145.400
26,124.900
27,124.900
28,137.500
29,116.000
30,102.700
31,123.500
32,136.100
33,148.900
34,108.500
35,109.100
36,108.700
37,122.800
38,129.600
39,257.300
40,200.300
41,181.800
42,94.400
43,113.800
44,159.600
45,157.200
46,311.000
47,145.600
48,301.700
49,225.500
50,107.200
51,157.400
52,130.600
53,123.500
54,140.400
55,148.300
56,165.600
57,99.400
58,147.500
59,121.700
60,131.000
61,110.200
62,88.100
63,111.100
64,242.500
65,199.300
66,156.300
67,108.700
68,129.200
69,114.900
70,145.300
71,146.700
72,106.200
73,142.600
74,113.300
75,115.800
76,109.700
77,95.300
78,135.900
79,146.800
80,115.800
81,134.800
82,151.100
83,107.800
84,146.000
85,176.200
86,96.200
87,164.400
88,116.800
89,92.300
90,139.500
91,171.900
92,128.100
93,125.400
94,88.500
95,126.200
96,204.200
97,110.100
98,110.900
99,107.300
100,200.700
1,146.200
2,125.100
3,119.000
4,203.400
5,110.000
6,94.100
7,118.000
8,111.400
9,100.500
10,88.400
11,95.900
12,130.400
13,96.600
14,97.100
15,120.600
16,149.200
17,127.000
18,289.600
19,134.300
20,87.900
21,161.200
22,128.700
23,116.400
24,204.900
25,137.700
26,166.500
27,248.300
28,149.700
29,139.800
30,103.700
31,156.900
32,125.000
33,97.700
34,195.200
35,122.700
36,116.900
37,130.200
38,146.600
39,163.400
40,102.200
41,180.500
42,152.900
43,148.200
44,126.100
45,143.900
46,160.200
47,136.900
48,124.200
49,132.400
50,145.100
51,144.700
52,208.600
53,265.800
54,100.400
55,284.800
56,147.700
57,142.300
58,107.800
59,165.300
60,185.800
61,97.100
62,206.500
63,179.500
64,135.900
65,135.300
66,176.900
67,157.100
68,122.900
69,207.800
70,168.700
71,148.000
72,174.300
73,298.400
74,159.800
75,165.100
76,135.800
77,107.100
78,178.800
79,216.300
80,147.100
81,142.800
82,141.200
83,177.400
84,149.600
85,258.200
86,143.200
87,178.000
88,133.200
89,149.000
90,215.700
91,130.000
92,212.300
93,236.900
94,115.200
95,150.900
96,119.600
97,129.000
98,165.000
99,187.900
100,136.200
1,260.200
2,174.300
3,120.500
4,119.000
5,118.000
6,115.000
7,166.600
8,182.800
9,138.500
10,89.300
11,195.400
12,133.300
13,279.900
14,143.800
15,158.300
16,162.700
17,93.100
18,130.600
19,125.000
20,102.400
21,236.600
22,134.100
23,134.700
24,94.700
25,151.800
26,137.400
27,221.400
28,296.000
29,210.900
30,180.900
31,305.000
32,137.600
33,161.100
34,98.000
35,131.000
36,112.300
37,123.800
38,105.500
39,235.000
40,162.100
41,149.000
42,112.600
43,174.500
44,104.100
45,97.800
46,156.500
47,155.500
48,109.500
49,140.400
50,105.500
51,156.800
52,136.600
53,127.400
54,178.400
55,145.300
56,195.200
57,137.000
58,134.200
59,104.000
60,209.900
61,207.900
62,175.100
63,121.500
64,116.700
65,192.800
66,146.500
67,131.100
68,171.700
69,118.800
70,112.900
71,156.700
72,162.400
73,116.900
74,121.700
75,119.700
76,162.800
77,119.400
78,106.500
79,165.500
80,122.500
81,105.400
82,192.700
83,115.200
84,220.300
85,109.500
86,116.500
87,149.900
88,109.100
89,134.500
90,160.000
91,129.900
92,175.900
93,168.100
94,200.400
95,241.400
96,142.300
97,99.400
98,160.000
99,125.100
100,152.100
1,-5.000
2,-4.400
3,-5.000
4,-5.000
5,-1.800
6,-4.500
7,-4.500
8,-1.400
9,-5.000
10,232.200
11,-4.700
12,-5.000
13,-3.900
14,-3.100
15,294.900
16,-4.700
17,126.800
18,204.000
19,-4.500
20,-4.100
21,175.800
22,-5.000
23,104.200
24,-5.000
25,167.100
26,-5.000
27,131.800
28,103.900
29,-5.000
30,143.300
31,-4.700
32,823.900
33,-5.000
34,-4.500
35,-4.700
36,0.000
37,-4.700
38,-4.700
39,-4.700
40,-4.500
41,103.800
42,-3.600
43,-3.900
44,-5.000
45,-2.400
46,-5.000
47,-5.000
48,232.600
49,-3.300
50,143.800
51,128.100
52,-4.100
53,-5.000
54,-5.000
55,105.100
56,-5.000
57,-5.000
58,-5.000
59,135.700
60,121.800
61,-4.700
62,182.100
63,-5.000
64,178.900
65,131.600
66,180.100
67,96.700
68,-5.000
69,149.200
70,-5.000
71,138.200
72,-4.400
73,130.000
74,-4.700
75,131.300
76,-5.000
77,119.100
78,-5.000
79,-5.000
80,305.800
81,108.500
82,-3.300
83,267.600
84,-3.300
85,108.800
86,-4.500
87,-4.700
88,188.000
89,181.900
90,-4.700
91,-3.900
92,15.600
93,-4.700
94,183.400
95,-5.000
96,-4.700
97,-5.000
98,-2.900
99,174.000
100,132.400
1,-5.000
2,-3.900
3,144.700
4,-5.000
5,-4.700
6,133.600
7,-3.300
8,-5.000
9,-4.700
10,229.700
11,210.300
12,-4.700
13,-4.400
14,319.700
15,-5.000
16,260.500
17,253.400
18,317.500
19,-5.000
20,199.900
21,-4.700
22,147.100
23,199.800
24,272.300
25,-4.100
26,-3.900
27,-5.000
28,279.300
29,-5.000
30,393.000
31,-2.800
32,113.400
33,-4.700
34,-4.500
35,-5.000
36,168.600
37,634.200
38,-4.700
39,4032.300
40,163.200
41,489.500
42,218.500
43,272.900
44,-3.800
45,142.800
46,-5.000
47,-4.000
48,121.200
49,156.800
50,152.500
51,187.700
52,281.800
53,360.300
54,-5.000
55,115.100
56,-4.200
57,-5.000
58,-4.700
59,132.900
60,212.900
61,-3.900
62,-3.600
63,151.500
64,175.900
65,-4.700
66,125.800
67,-5.000
68,-5.000
69,-4.700
70,-5.000
71,-4.200
72,189.100
73,128.100
74,-5.000
75,152.300
76,-5.000
77,-4.400
78,123.800
79,189.000
80,104.800
81,-5.000
82,208.200
83,-3.300
84,-4.200
85,-4.400
86,-5.000
87,138.600
88,139.700
89,-5.000
90,-5.000
91,-5.000
92,211.800
93,132.600
94,-5.000
95,-3.200
96,-3.200
97,-5.000
98,-5.000
99,-5.000
100,-5.000
1,-5.000
2,-5.000
3,157.300
4,-2.400
5,152.500
6,136.900
7,-4.400
8,-4.200
9,-4.700
10,-5.000
11,-5.000
12,-3.900
13,-4.400
14,-4.400
15,130.900
16,113.400
17,-5.000
18,-5.000
19,171.600
20,-4.500
21,-5.000
22,132.100
23,-5.000
24,109.100
25,-4.700
26,-3.800
27,-5.000
28,-4.400
29,-4.400
30,0.000
31,0.000
32,-4.700
33,0.000
34,159.700
35,-5.000
36,-4.100
37,-3.900
38,-5.000
39,-5.000
40,-4.700
41,-2.000
42,-4.200
43,205.100
44,-4.700
45,-2.800
46,317.400
47,192.300
48,-4.500
49,-3.200
50,-4.700
51,-4.700
52,-5.000
53,-4.500
54,142.800
55,0.000
56,212.600
57,-4.500
58,149.400
59,-5.000
60,109.300
61,0.000
62,383.400
63,147.900
64,130.400
65,-2.000
66,-3.600
67,-5.000
68,141.800
69,-5.000
70,-4.200
71,204.300
72,201.200
73,-3.600
74,-3.900
75,156.900
76,198.900
77,184.400
78,-5.000
79,122.700
80,185.200
81,-1.200
82,120.000
83,-5.000
84,-5.000
85,139.600
86,-4.500
87,148.900
88,-4.700
89,238.700
90,227.700
91,-3.900
92,-5.000
93,189.100
94,148.800
95,143.900
96,-5.000
97,178.700
98,233.100
99,-3.900
100,-4.500
1,-4.100
2,-5.000
3,-3.600
4,170.200
5,-5.000
6,186.400
7,596.600
8,-5.000
9,3282.600
10,-5.000
11,213.600
12,202.400
13,141.400
14,123.000
15,-5.000
16,427.600
17,-5.000
18,286.000
19,-4.700
20,226.600
21,-5.000
22,137.400
23,-4.700
24,-4.700
25,-5.000
26,-5.000
27,205.400
28,183.100
29,231.500
30,-4.700
31,256.700
32,193.000
33,298.500
34,-5.000
35,206.400
36,382.100
37,203.600
38,-4.100
39,2.200
40,-3.300
41,-5.000
42,-4.700
43,-4.700
44,182.900
45,314.800
46,245.900
47,221.800
48,-4.400
49,-5.000
50,-5.000
51,0.200
52,183.400
53,258.200
54,147.300
55,-5.000
56,-4.700
57,483.800
58,-5.000
59,469.200
60,-2.800
61,-4.700
62,-4.700
63,329.700
64,121.300
65,-5.000
66,179.700
67,237.400
68,-4.400
69,-4.700
70,304.800
71,-5.000
72,-5.000
73,-5.000
74,-2.400
75,128.100
76,106.400
77,-5.000
78,167.900
79,150.400
80,-4.700
81,-5.000
82,-3.200
83,-4.200
84,186.400
85,189.400
86,-5.000
87,-5.000
88,-5.000
89,19.200
90,343.000
91,-4.400
92,438.100
93,-3.900
94,176.100
95,579.400
96,-4.400
97,-5.000
98,-4.700
99,158.900
100,-3.900
1,-5.000
2,-3.900
3,4146.500
4,225.200
5,-5.000
6,-5.000
7,-4.700
8,-5.000
9,-5.000
10,-5.000
11,-4.400
12,-4.500
13,144.900
14,-4.700
15,-5.000
16,359.000
17,-4.100
18,-4.500
19,-4.500
20,-1.000
21,342.500
22,-4.500
23,-4.400
24,-5.000
25,203.000
26,-4.200
27,291.800
28,122.800
29,-4.700
30,-5.000
31,-5.000
32,270.100
33,386.100
34,-4.700
35,-4.400
36,746.500
37,-4.700
38,-2.800
39,-5.000
40,333.900
41,-2.700
42,237.100
43,-4.000
44,160.500
45,128.100
46,-0.100
47,155.600
48,189.600
49,317.500
50,219.800
51,-5.000
52,-5.000
53,-5.000
54,527.500
55,-4.400
56,272.200
57,280.100
58,206.600
59,-4.200
60,-4.700
61,268.600
62,-4.500
63,-4.700
64,114.000
65,259.700
66,238.400
67,-3.600
68,-5.000
69,-5.000
70,272.600
71,270.500
72,-4.500
73,-5.000
74,-5.000
75,325.400
76,204.400
77,-4.700
78,205.700
79,595.000
80,-4.700
81,-3.500
82,0.000
83,-5.000
84,-4.100
85,109.900
86,-4.700
87,-5.000
88,132.700
89,-4.700
90,-5.000
91,-3.600
92,-4.500
93,-5.000
94,568.400
95,-2.500
96,442.000
97,138.900
98,154.700
99,436.000
100,0.000
101,-5.000
102,-5.000
103,-5.000
104,-4.400
105,-2.500
106,-4.400
107,-5.000
108,-5.000
109,223.300
110,-4.500
111,144.500
112,4.700
113,-5.000
114,-3.600
115,365.200
116,-4.700
117,-5.000
118,-5.000
119,-2.000
120,297.000
121,-4.700
122,-5.000
123,-4.700
124,168.900
125,231.700
126,-4.200
127,-5.000
128,158.300
129,201.400
130,-4.700
131,-3.900
132,116.300
133,154.700
134,-5.000
135,-5.000
136,339.300
137,178.600
138,272.900
139,-5.000
140,-5.000
141,-5.000
142,202.400
143,-5.000
144,127.900
145,-5.000
146,-5.000
147,97.700
148,331.500
149,-4.700
150,-5.000
151,172.000
152,-4.700
153,108.100
154,185.400
155,-3.600
156,153.600
157,209.200
158,107.400
159,-5.000
160,169.900
161,-4.700
162,127.600
163,288.300
164,143.800
165,115.000
166,147.500
167,173.500
168,-4.700
169,173.900
170,183.800
171,179.200
172,-1.100
173,-5.000
174,97.900
175,-4.700
176,136.900
177,199.500
178,-5.000
179,140.200
180,-5.000
181,149.400
182,-5.000
183,136.500
184,209.200
185,126.100
186,137.800
187,175.700
188,-4.100
189,-5.000
190,-5.000
191,-5.000
192,-4.200
193,-3.500
194,156.800
195,235.100
196,208.300
197,182.900
198,-5.000
199,-4.700
200,243.100
201,-5.000
202,-5.000
203,-4.200
204,182.100
205,-4.500
206,195.100
207,130.700
208,-5.000
209,134.500
210,-4.700
211,174.000
212,175.900
213,246.000
214,282.200
215,-5.000
216,-4.200
217,-5.000
218,306.300
219,301.600
220,180.100
221,-4.700
222,-3.700
223,316.000
224,191.400
225,274.900
226,221.700
227,-5.000
228,-5.000
229,223.200
230,221.200
231,254.000
232,171.500
233,168.200
234,-4.700
235,166.100
236,-5.000
237,207.700
238,-5.000
239,238.800
240,-5.000
241,-4.400
242,104.700
243,-3.200
244,226.300
245,-5.000
246,141.500
247,168.100
248,-4.700
249,-5.000
250,338.600
251,221.000
252,186.500
253,287.800
254,234.400
255,155.200
256,-3.800
257,142.600
258,320.500
259,141.400
260,202.300
261,288.400
262,134.000
263,148.900
264,-3.600
265,270.000
266,195.100
267,-3.100
268,-5.000
269,-3.000
270,-5.000
271,-5.000
272,-4.500
273,-5.000
274,277.000
275,-4.500
276,200.700
277,232.500
278,-5.000
279,-4.700
280,-5.000
281,-4.100
282,395.400
283,142.000
284,116.900
285,-4.400
286,124.300
287,-5.000
288,-4.700
289,-5.000
290,-5.000
291,202.700
292,376.300
293,-4.700
294,-5.000
295,269.100
296,105.700
297,-2.100
298,-5.000
299,146.300
300,-4.700
301,-5.000
302,-5.000
303,202.700
304,-5.000
305,-5.000
306,-5.000
307,221.200
308,-5.000
309,192.400
310,263.800
311,-4.700
312,183.700
313,-3.600
314,160.100
315,-5.000
316,169.600
317,-5.000
318,116.000
319,156.500
320,214.300
321,210.600
322,216.300
323,-4.700
324,-4.100
325,-4.700
326,121.000
327,-4.700
328,-5.000
329,162.900
330,-4.200
331,282.200
332,152.400
333,198.600
334,-4.700
335,173.200
336,-4.700
337,-5.000
338,-4.500
339,224.500
340,126.000
341,-5.000
342,-4.500
343,174.500
344,160.600
345,186.600
346,-3.300
347,-4.700
348,319.700
349,-4.400
350,-3.800
351,136.600
352,593.000
353,142.900
354,297.600
355,124.400
356,-5.000
357,282.900
358,-4.500
359,-5.000
360,-5.000
361,-4.200
362,-5.000
363,-4.200
364,107.100
365,-4.400
366,175.300
367,268.800
368,232.400
369,233.800
370,270.900
371,-4.000
372,176.700
373,2220.000
374,373.600
375,8083.700
376,540.500
377,529.000
378,-2.600
379,-3.000
380,349.900
381,-5.000
382,195.800
383,-4.200
384,-4.700
385,-5.000
386,276.600
387,-4.700
388,168.600
389,252.100
390,245.800
391,-4.700
392,337.700
393,-4.700
394,256.900
395,141.000
396,-4.400
397,-4.700
398,-4.200
399,200.000
400,395.600
1,-5.000
2,-3.400
3,192.100
4,185.900
5,243.800
6,199.900
7,-5.000
8,151.000
9,-2.800
10,-5.000
11,-5.000
12,131.900
13,383.000
14,250.000
15,339.900
16,-5.000
17,-4.400
18,96.600
19,-4.200
20,178.000
21,305.300
22,-3.700
23,212.900
24,-5.000
25,319.900
26,273.400
27,175.500
28,146.300
29,-4.500
30,-4.700
31,-5.000
32,-5.000
33,-5.000
34,-5.000
35,-5.000
36,-4.700
37,390.900
38,-5.000
39,-4.700
40,-3.400
41,-1.600
42,168.400
43,423.500
44,199.700
45,-4.400
46,126.500
47,-5.000
48,-5.000
49,-4.700
50,-4.200
51,-5.000
52,302.000
53,-4.700
54,245.400
55,-4.200
56,-4.500
57,148.700
58,123.300
59,157.900
60,-4.700
61,-5.000
62,-5.000
63,-4.700
64,123.600
65,-4.400
66,-5.000
67,131.200
68,-4.200
69,147.700
70,-5.000
71,-5.000
72,-4.700
73,197.700
74,181.600
75,174.600
76,217.300
77,-5.000
78,119.600
79,201.000
80,119.500
81,189.500
82,292.400
83,-5.000
84,-4.700
85,-3.300
86,219.900
87,-5.000
88,162.500
89,190.200
90,179.700
91,259.100
92,214.200
93,-4.400
94,-2.700
95,-4.200
96,177.800
97,216.200
98,106.900
99,158.500
100,-4.500
101,473.700
102,-4.700
103,-5.000
104,-5.000
105,198.000
106,162.900
107,124.900
108,237.100
109,189.400
110,228.600
111,-5.000
112,-5.000
113,112.700
114,-5.000
115,375.800
116,199.200
117,-4.200
118,167.400
119,-4.700
120,197.200
121,-4.700
122,-4.700
123,-4.400
124,213.700
125,237.000
126,245.800
127,228.500
128,-4.700
129,-4.700
130,-5.000
131,165.400
132,-5.000
133,110.000
134,-5.000
135,190.300
136,-5.000
137,165.200
138,-5.000
139,235.600
140,245.000
141,191.100
142,268.900
143,180.200
144,221.500
145,-4.700
146,173.400
147,233.400
148,-3.200
149,-5.000
150,200.300
151,241.400
152,-4.500
153,-4.700
154,-5.000
155,178.300
156,139.600
157,172.700
158,-3.100
159,-5.000
160,-3.900
161,261.100
162,-5.000
163,209.100
164,129.200
165,107.800
166,-5.000
167,-5.000
168,-5.000
169,-5.000
170,144.000
171,-4.700
172,200.200
173,90.600
174,125.900
175,136.000
176,147.600
177,-5.000
178,132.600
179,110.100
180,167.000
181,0.600
182,-5.000
183,-5.000
184,-5.000
185,-3.000
186,163.100
187,161.000
188,130.800
189,-4.400
190,-4.700
191,-3.900
192,116.100
193,122.200
194,-3.600
195,99.700
196,-4.200
197,203.400
198,116.000
199,157.000
200,118.500
1,-5.000
2,116.200
3,-4.700
4,137.600
5,103.200
6,100.500
7,-4.400
8,-5.000
9,110.900
10,112.700
11,-4.500
12,129.700
13,108.400
14,-5.000
15,104.400
16,-5.000
17,-4.700
18,156.700
19,-4.700
20,-5.000
21,-5.000
22,-5.000
23,125.700
24,-3.300
25,-3.700
26,-3.100
27,-5.000
28,100.900
29,-5.000
30,-5.000
31,139.900
32,-5.000
33,-4.700
34,150.700
35,162.900
36,97.700
37,-5.000
38,-5.000
39,108.100
40,161.900
41,157.500
42,-5.000
43,166.700
44,137.200
45,115.500
46,115.800
47,-5.000
48,184.900
49,111.500
50,241.000
51,161.300
52,176.300
53,118.000
54,256.300
55,-3.600
56,-5.000
57,253.600
58,-5.000
59,157.300
60,-3.600
61,-4.700
62,-5.000
63,240.400
64,287.100
65,-4.700
66,411.600
67,-4.700
68,-4.500
69,268.500
70,-4.200
71,117.000
72,-3.600
73,-5.000
74,144.500
75,-5.000
76,-5.000
77,120.200
78,253.500
79,-4.400
80,-4.700
81,-3.600
82,124.600
83,237.600
84,-5.000
85,126.800
86,-3.200
87,116.200
88,-5.000
89,103.100
90,-5.000
91,-4.100
92,519.500
93,123.900
94,331.000
95,294.100
96,199.500
97,231.300
98,195.000
99,-5.000
100,159.100
101,-4.700
102,154.300
103,-5.000
104,-5.000
105,215.500
106,-4.200
107,375.600
108,-5.000
109,-5.000
110,-1.900
111,272.900
112,382.300
113,-3.800
114,-3.900
115,-5.000
116,184.600
117,-4.200
118,-0.400
119,122.400
120,-5.000
121,340.800
122,-4.700
123,201.000
124,-4.200
125,144.300
126,-5.000
127,-5.000
128,143.300
129,-5.000
130,207.900
131,-3.900
132,175.800
133,-4.700
134,454.800
135,-5.000
136,-5.000
137,337.700
138,290.000
139,-5.000
140,-4.400
141,169.300
142,-3.900
143,-4.700
144,193.700
145,162.600
146,-3.900
147,333.300
148,334.700
149,227.100
150,0.000
151,-4.400
152,112.600
153,595.000
154,-5.000
155,-5.000
156,-5.000
157,-5.000
158,687.100
159,163.200
160,-4.700
161,219.100
162,-5.000
163,0.000
164,-5.000
165,-4.700
166,-3.300
167,-5.000
168,-5.000
169,-5.000
170,-5.000
171,195.200
172,338.900
173,-4.500
174,-4.700
175,390.100
176,169.200
177,163.000
178,0.000
179,600.700
180,200.700
181,148.800
182,-5.000
183,-4.700
184,-4.400
185,511.600
186,206.600
187,565.000
188,-3.100
189,-5.000
190,140.400
191,709.500
192,255.700
193,374.100
194,162.900
195,382.900
196,0.500
197,-5.000
198,-3.900
199,135.800
200,-5.000
201,201.500
202,161.100
203,209.400
204,117.800
205,-2.800
206,236.700
207,264.400
208,-4.200
209,-4.200
210,154.300
211,-4.700
212,-4.700
213,135.800
214,236.500
215,-5.000
216,169.700
217,226.500
218,-5.000
219,340.400
220,454.700
221,193.200
222,343.000
223,203.200
224,-5.000
225,-4.700
226,227.600
227,240.900
228,-5.000
229,-5.000
230,-5.000
231,-5.000
232,225.100
233,-4.700
234,347.100
235,-4.400
236,120.300
237,-4.200
238,-5.000
239,237.300
240,119.800
241,147.300
242,-5.000
243,343.700
244,-5.000
245,-4.400
246,190.800
247,511.000
248,-5.000
249,197.200
250,-1.100
251,-4.500
252,-4.100
253,-3.200
254,-4.400
255,-5.000
256,-4.100
257,-5.000
258,-5.000
259,-2.300
260,196.200
261,-5.000
262,-4.400
263,128.300
264,-5.000
265,300.000
266,204.700
267,-5.000
268,132.200
269,359.900
270,304.700
271,107.400
272,241.600
273,-1.800
274,-5.000
275,-4.100
276,-5.000
277,244.700
278,277.100
279,357.900
280,403.300
281,162.400
282,-4.400
283,-5.000
284,103.400
285,251.000
286,165.200
287,161.500
288,188.600
289,118.100
290,-4.500
291,-5.000
292,148.700
293,133.000
294,185.200
295,234.600
296,-4.400
297,222.400
298,215.900
299,-5.000
300,134.200
301,376.900
302,-5.000
303,-3.700
304,-5.000
305,197.700
306,-4.700
307,870.900
308,-4.100
309,-5.000
310,176.100
311,-2.000
312,318.200
313,-5.000
314,0.600
315,132.500
316,106.900
317,186.000
318,-5.000
319,368.900
320,184.300
321,240.100
322,-5.000
323,155.300
324,332.600
325,175.700
326,-5.000
327,102.400
328,263.700
329,198.400
330,415.700
331,-5.000
332,201.900
333,213.300
334,202.200
335,236.600
336,153.600
337,-4.700
338,-5.000
339,255.000
340,236.000
341,112.200
342,226.200
343,135.400
344,-4.200
345,-4.700
346,-5.000
347,284.000
348,-4.700
349,-5.000
350,221.000
351,203.600
352,-5.000
353,236.500
354,258.600
355,1088.700
356,248.300
357,274.400
358,170.700
359,0.000
360,358.100
361,248.500
362,266.200
363,161.100
364,122.900
365,-4.500
366,348.600
367,-5.000
368,-5.000
369,88.500
370,230.400
371,1065.100
372,198.300
373,0.000
374,140.200
375,-4.700
376,-4.000
377,178.000
378,259.200
379,264.700
380,259.900
381,243.300
382,-5.000
383,-5.000
384,192.400
385,96.100
386,-5.000
387,-4.500
388,242.200
389,-4.500
390,-4.700
391,-1.800
392,-5.000
393,0.200
394,-5.000
395,202.400
396,235.400
397,-4.700
398,180.100
399,159.600
400,197.100
401,-4.400
402,-5.000
403,283.500
404,258.800
405,176.900
406,-3.600
407,-5.000
408,-4.400
409,198.300
410,-4.200
411,-5.000
412,255.200
413,-4.700
414,221.700
415,-4.500
416,140.600
417,-4.200
418,-4.700
419,162.100
420,122.000
421,141.800
422,-5.000
423,-5.000
424,186.900
425,220.800
426,-5.000
427,-4.700
428,-5.000
429,232.500
430,0.000
431,-3.400
432,161.500
433,116.900
434,-5.000
435,199.500
436,-5.000
437,-5.000
438,172.400
439,173.700
440,-5.000
441,-5.000
442,122.100
443,122.100
444,-5.000
445,-5.000
446,178.300
447,142.700
448,0.000
449,-5.000
450,127.800
451,-5.000
452,-4.700
453,0.000
454,-4.500
455,-5.000
456,128.300
457,137.900
458,-4.500
459,149.700
460,192.100
461,98.700
462,199.200
463,231.500
464,-5.000
465,-5.000
466,-5.000
467,-4.700
468,-3.900
469,-5.000
470,-4.700
471,-4.700
472,-4.700
473,168.600
474,-5.000
475,144.300
476,110.600
477,-5.000
478,-5.000
479,157.000
480,190.200
481,-4.700
482,-5.000
483,174.000
484,142.800
485,-5.000
486,-4.100
487,-4.700
488,264.700
489,-4.700
490,152.000
491,-5.000
492,117.000
493,159.600
494,157.600
495,-5.000
496,221.900
497,-5.000
498,-4.500
499,145.900
500,-5.000
501,-3.700
502,147.500
503,-5.000
504,193.500
505,-5.000
506,387.300
507,143.000
508,200.100
509,-5.000
510,-5.000
511,208.800
512,198.000
513,182.200
514,166.700
515,-4.700
516,178.100
517,142.900
518,-2.500
519,196.900
520,-5.000
521,-4.200
522,152.700
523,117.800
524,157.500
525,183.100
526,-5.000
527,282.400
528,-4.400
529,167.300
530,-0.900
531,-5.000
532,-5.000
533,0.000
534,-5.000
535,297.300
536,332.400
537,-5.000
538,253.400
539,-4.700
540,209.200
541,-4.400
542,-5.000
543,251.700
544,-5.000
545,205.300
546,277.100
547,-4.400
548,205.600
549,333.300
550,-5.000
551,-5.000
552,-5.000
553,-5.000
554,187.800
555,270.200
556,-5.000
557,-4.700
558,205.400
559,204.100
560,-1.100
561,-5.000
562,-2.700
563,178.600
564,-5.000
565,-3.600
566,119.800
567,-5.000
568,197.500
569,-5.000
570,-5.000
571,-5.000
572,-5.000
573,-5.000
574,120.600
575,163.100
576,-4.200
577,162.900
578,144.100
579,-0.900
580,105.000
581,273.300
582,186.600
583,-5.000
584,140.500
585,-3.900
586,184.100
587,115.100
588,152.000
589,188.400
590,166.500
591,-4.200
592,-4.700
593,-5.000
594,137.200
595,-2.800
596,0.000
597,-3.400
598,123.700
599,159.400
600,145.100
601,0.000
602,-5.000
603,-5.000
604,181.600
605,212.800
606,178.400
607,324.300
608,-4.200
609,191.700
610,168.700
611,214.200
612,-5.000
613,338.400
614,223.700
615,273.600
616,-5.000
617,-5.000
618,-5.000
619,144.900
620,-5.000
621,289.600
622,672.000
623,224.300
624,419.100
625,-5.000
626,137.500
627,-5.000
628,339.000
629,-5.000
630,-5.000
631,233.800
632,112.900
633,166.700
634,-4.400
635,235.200
636,-5.000
637,115.700
638,-4.500
639,-3.100
640,-5.000
641,226.700
642,328.900
643,261.900
644,147.800
645,195.000
646,112.200
647,-5.000
648,-5.000
649,112.300
650,-4.200
651,-4.500
652,-5.000
653,-3.900
654,179.600
655,-5.000
656,-5.000
657,217.200
658,-5.000
659,-5.000
660,-4.400
661,140.200
662,404.800
663,303.400
664,-5.000
665,-5.000
666,171.500
667,-5.000
668,133.400
669,-3.300
670,-5.000
671,192.700
672,169.200
673,-5.000
674,-5.000
675,177.800
676,-2.900
677,-4.100
678,-5.000
679,-5.000
680,-5.000
681,-5.000
682,-4.700
683,-5.000
684,118.700
685,-5.000
686,338.600
687,112.700
688,134.600
689,183.500
690,251.200
691,191.000
692,252.200
693,259.500
694,103.500
695,150.300
696,248.500
697,140.300
698,194.500
699,-5.000
700,-4.700
701,-4.400
702,114.000
703,-4.500
704,118.900
705,-5.000
706,-4.700
707,-4.700
708,234.400
709,-5.000
710,-2.800
711,-4.400
712,225.400
713,-4.700
714,-5.000
715,-5.000
716,-5.000
717,-5.000
718,261.900
719,-2.500
720,-5.000
721,-3.000
722,-4.700
723,157.900
724,-4.700
725,-5.000
726,0.000
727,229.700
728,-4.700
729,-4.200
730,-4.200
731,410.100
732,167.300
733,-5.000
734,196.800
735,-4.500
736,160.700
737,309.200
738,345.500
739,391.300
740,-5.000
741,-5.000
742,-5.000
743,-5.000
744,148.400
745,176.000
746,110.900
747,198.600
748,-3.600
749,-4.700
750,0.900
751,-4.700
752,-5.000
753,226.700
754,417.600
755,117.300
756,270.800
757,158.000
758,179.600
759,-4.700
760,-4.100
761,-5.000
762,-4.500
763,150.600
764,280.700
765,2.000
766,-5.000
767,-5.000
768,-5.000
769,-5.000
770,179.900
771,137.000
772,-5.000
773,218.000
774,152.400
775,-4.400
776,-5.000
777,171.800
778,-5.000
779,111.700
780,264.900
781,218.300
782,-5.000
783,-4.500
784,-4.700
785,-5.000
786,218.000
787,-5.000
788,314.200
789,235.000
790,142.100
791,-4.400
792,-4.200
793,-5.000
794,-4.200
795,347.800
796,-4.700
797,-5.000
798,-4.700
799,0.000
800,-5.000
801,-5.000
802,-5.000
803,165.400
804,200.300
805,0.100
806,-4.700
807,293.200
808,175.200
809,115.600
810,137.000
811,-4.700
812,175.500
813,-5.000
814,-3.000
815,-5.000
816,135.700
817,125.500
818,144.400
819,105.200
820,-4.700
821,196.400
822,-5.000
823,149.600
824,121.800
825,144.200
826,-4.700
827,-4.000
828,-4.200
829,180.100
830,145.600
831,-5.000
832,-5.000
833,-4.400
834,133.900
835,-5.000
836,-4.700
837,150.200
838,138.400
839,0.000
840,-5.000
841,160.100
842,148.700
843,128.600
844,-3.600
845,-4.400
846,125.900
847,-4.700
848,134.100
849,-5.000
850,121.600
851,647.300
852,-5.000
853,-2.700
854,-5.000
855,134.800
856,0.000
857,119.800
858,122.100
859,155.800
860,-5.000
861,111.900
862,139.900
863,-4.700
864,-4.200
865,-4.500
866,130.800
867,174.300
868,-3.100
869,-4.400
870,236.300
871,-5.000
872,165.800
873,390.700
874,115.200
875,161.500
876,119.700
877,110.300
878,104.500
879,128.400
880,143.500
881,118.000
882,-5.000
883,0.000
884,116.800
885,-5.000
886,-4.500
887,322.400
888,-5.000
889,0.000
890,-5.000
891,123.300
892,246.300
893,137.900
894,125.000
895,-5.000
896,221.200
897,-2.700
898,-5.000
899,-5.000
900,0.000
901,343.600
902,182.100
903,-2.600
904,-5.000
905,162.700
906,0.000
907,146.400
908,-4.400
909,199.600
910,-5.000
911,-5.000
912,-5.000
913,167.200
914,0.000
915,0.000
916,-4.700
917,-4.200
918,189.100
919,-5.000
920,-5.000
921,-5.000
922,-4.700
923,0.000
924,126.700
925,145.500
926,155.300
927,560.000
928,-4.700
929,0.000
930,-5.000
931,-4.700
932,-5.000
933,-4.200
934,187.100
935,-5.000
936,309.000
937,-5.000
938,205.800
939,0.000
940,0.000
941,377.500
942,-5.000
943,-5.000
944,-5.000
945,335.000
946,-5.000
947,-4.400
948,232.400
949,136.600
950,181.900
951,-5.000
952,-4.700
953,-4.700
954,-1.000
955,-5.000
956,-4.200
957,-4.500
958,-4.500
959,-5.000
960,-4.700
961,-1.900
962,112.300
963,211.500
964,416.700
965,-2.200
966,221.900
967,-4.700
968,-5.000
969,-4.200
970,424.900
971,-4.700
972,471.000
973,-5.000
974,116.500
975,-4.700
976,282.700
977,-5.000
978,-5.000
979,-4.200
980,-4.700
981,-5.000
982,113.200
983,-5.000
984,0.000
985,190.000
986,436.200
987,-5.000
988,174.500
989,226.900
990,-4.500
991,-5.000
992,197.500
993,-5.000
994,145.100
995,-5.000
996,-4.200
997,-5.000
998,-4.200
999,135.700
1000,-4.700
1,-4.100
2,144.400
3,425.700
4,-4.200
5,170.900
6,-3.900
7,-5.000
8,-4.700
9,-5.000
10,154.600
11,-4.400
12,-5.000
13,-4.200
14,-4.400
15,-4.700
16,-5.000
17,169.700
18,-4.200
19,-5.000
20,-5.000
21,-4.700
22,-4.700
23,269.600
24,-4.700
25,-1.500
26,-4.700
27,195.100
28,126.600
29,348.700
30,-5.000
31,-5.000
32,-4.700
33,125.800
34,-1.900
35,199.600
36,123.700
37,238.200
38,174.000
39,6666.200
40,-4.700
41,-4.400
42,181.400
43,-5.000
44,4.100
45,-5.000
46,-3.600
47,-4.700
48,112.700
49,-5.000
50,-5.000
1,-5.000
2,133.600
3,510.600
4,-3.900
5,325.300
6,139.900
7,-3.900
8,245.300
9,-5.000
10,160.100
11,-3.700
12,179.100
13,-5.000
14,901.300
15,-5.000
16,1.800
17,-4.500
18,-4.200
19,171.200
20,150.800
21,-4.700
22,563.900
23,-4.700
24,-4.200
25,-5.000
26,-5.000
27,-4.400
28,-5.000
29,-5.000
30,-5.000
31,186.400
32,185.000
33,124.500
34,-5.000
35,-0.900
36,-5.000
37,-5.000
38,-5.000
39,-4.400
40,-4.500
41,-5.000
42,-4.700
43,-4.700
44,165.900
45,-5.000
46,-4.500
47,-3.900
48,-5.000
49,315.700
50,-3.000
1,-5.000
2,494.400
3,169.500
4,-2.800
5,319.600
6,-5.000
7,-5.000
8,0.000
9,-5.000
10,231.700
11,-5.000
12,623.400
13,-3.900
14,-3.400
15,433.800
16,351.000
17,-3.300
18,-1.400
19,165.900
20,114.300
21,501.300
22,-5.000
23,133.800
24,0.000
25,-5.000
26,-4.700
27,-1.300
28,-5.000
29,321.000
30,-5.000
31,-5.000
32,126.600
33,-5.000
34,-4.700
35,149.400
36,-4.700
37,-4.700
38,-5.000
39,-2.800
40,110.700
41,0.900
42,-4.700
43,-3.600
44,-4.700
45,197.600
46,0.000
47,136.100
48,302.300
49,8.700
50,0.000
1,-5.000
2,-5.000
3,340.400
4,-5.000
5,149.700
6,-4.100
7,325.400
8,155.600
9,199.300
10,-3.100
11,477.400
12,142.200
13,201.100
14,493.700
15,-4.000
16,-4.200
17,-5.000
18,303.100
19,-5.000
20,-5.000
21,208.900
22,119.700
23,-4.700
24,-2.100
25,-5.000
26,19.800
27,-5.000
28,-4.700
29,433.400
30,-4.700
31,188.100
32,-4.400
33,628.600
34,-4.700
35,-5.000
36,536.900
37,850.500
38,-3.900
39,141.700
40,170.100
41,178.500
42,-5.000
43,360.300
44,-4.200
45,158.800
46,-5.000
47,-4.700
48,250.600
49,-5.000
50,151.000
1,546.000
2,103.700
3,686.400
4,-4.700
5,-4.700
6,-4.700
7,-5.000
8,152.300
9,-5.000
10,201.700
11,2017.500
12,0.000
13,316.600
14,-4.100
15,289.200
16,320.200
17,-4.700
18,-4.500
19,566.100
20,116.300
21,0.000
22,-4.700
23,146.500
24,-5.000
25,147.900
26,500.800
27,-5.000
28,349.800
29,108.100
30,-5.000
31,145.400
32,-2.100
33,114.600
34,11.300
35,214.200
36,190.800
37,-5.000
38,-3.900
39,86.800
40,308.000
41,-4.400
42,145.000
43,0.000
44,-5.000
45,-4.400
46,125.600
47,-4.400
48,-5.000
49,140.000
50,-3.800
1,-4.500
2,-4.400
3,378.100
4,230.100
5,537.900
6,-4.200
7,-0.100
8,324.100
9,-5.000
10,640.800
11,260.400
12,374.200
13,23.800
14,430.100
15,-5.000
16,-5.000
17,123.700
18,-3.900
19,-5.000
20,-4.700
21,218.800
22,-5.000
23,-4.700
24,430.900
25,-5.000
26,152.900
27,-5.000
28,319.600
29,254.900
30,-3.000
31,-4.700
32,107.100
33,-4.500
34,-3.900
35,130.900
36,-5.000
37,157.200
38,125.900
39,-5.000
40,227.200
41,154.800
42,114.800
43,102.100
44,-5.000
45,-4.700
46,274.600
47,108.700
48,-5.000
49,-4.700
50,112.100
1,138.100
2,-5.000
3,128.000
4,119.400
5,-4.200
6,-4.700
7,92.500
8,-5.000
9,-3.400
10,-4.500
11,-5.000
12,101.300
13,148.300
14,94.600
15,92.300
16,103.600
17,-5.000
18,-5.000
19,-4.100
20,-5.000
21,122.500
22,-5.000
23,-4.200
24,-4.100
25,98.900
26,-1.400
27,-5.000
28,113.300
29,88.000
30,120.500
31,-5.000
32,-5.000
33,-4.700
34,-5.000
35,-5.000
36,94.400
37,115.100
38,112.500
39,138.400
40,-5.000
41,-5.000
42,-5.000
43,90.400
44,87.400
45,-5.000
46,-5.000
47,96.500
48,165.400
49,-5.000
50,100.300
51,110.600
52,96.900
53,-5.000
54,-5.000
55,-5.000
56,335.900
57,-5.000
58,128.000
59,-5.000
60,153.800
61,210.900
62,100.500
63,152.400
64,187.900
65,97.200
66,125.800
67,103.200
68,-5.000
69,103.300
70,-5.000
71,-2.400
72,93.300
73,176.400
74,178.700
75,-5.000
76,258.600
77,-3.900
78,-5.000
79,96.100
80,87.200
81,-4.400
82,219.300
83,-5.000
84,-5.000
85,-5.000
86,253.700
87,93.000
88,102.200
89,-5.000
90,99.200
91,-5.000
92,-4.400
93,115.500
94,108.700
95,-5.000
96,117.600
97,89.400
98,-5.000
99,104.500
100,-5.000
101,-5.000
102,-5.000
103,-4.700
104,225.900
105,188.900
106,173.300
107,117.000
108,132.700
109,273.100
110,242.700
111,671.300
112,-5.000
113,-5.000
114,177.100
115,142.200
116,334.000
117,-5.000
118,129.100
119,-4.500
120,102.200
121,142.300
122,-4.700
123,-5.000
124,238.600
125,101.000
126,487.500
127,340.900
128,-4.700
129,-5.000
130,129.300
131,-3.200
132,-5.000
133,-5.000
134,428.200
135,256.100
136,269.700
137,-5.000
138,-5.000
139,-5.000
140,6.600
141,177.100
142,272.900
143,155.300
144,112.200
145,144.200
146,-5.000
147,-5.000
148,-5.000
149,152.000
150,-4.500
151,232.000
152,-5.000
153,127.400
154,420.900
155,296.500
156,214.000
157,89.500
158,-5.000
159,217.300
160,154.100
161,-5.000
162,101.300
163,150.200
164,-5.000
165,101.400
166,-5.000
167,96.700
168,129.900
169,-5.000
170,171.700
171,231.700
172,262.600
173,274.000
174,174.200
175,-4.700
176,-5.000
177,93.300
178,104.500
179,-5.000
180,103.600
181,178.100
182,443.400
183,-5.000
184,146.800
185,-4.700
186,155.000
187,89.900
188,148.700
189,181.900
190,-4.400
191,114.100
192,-4.200
193,-5.000
194,735.500
195,234.900
196,-4.700
197,113.100
198,91.400
199,-4.700
200,99.400
201,-5.000
202,-4.400
203,208.400
204,0.000
205,-4.200
206,-4.400
207,-4.100
208,-5.000
209,133.100
210,-5.000
211,0.000
212,-5.000
213,350.800
214,464.800
215,-5.000
216,122.900
217,-5.000
218,-5.000
219,-5.000
220,-5.000
221,377.600
222,-5.000
223,179.400
224,-5.000
225,-5.000
226,297.200
227,-3.900
228,95.000
229,130.800
230,279.500
231,106.700
232,-5.000
233,123.700
234,265.800
235,-5.000
236,-4.700
237,-5.000
238,121.300
239,-4.500
240,-5.000
241,9.200
242,-3.800
243,-3.600
244,-4.100
245,0.000
246,143.900
247,-4.700
248,-5.000
249,-5.000
250,125.100
251,150.400
252,541.900
253,-4.400
254,-5.000
255,-4.200
256,106.300
257,-5.000
258,-5.000
259,406.000
260,616.900
261,-4.700
262,-5.000
263,143.400
264,-3.600
265,-4.700
266,238.300
267,-5.000
268,10.000
269,-4.700
270,305.200
271,-5.000
272,-5.000
273,367.300
274,214.800
275,187.400
276,656.400
277,752.700
278,550.300
279,0.000
280,237.700
281,480.000
282,231.500
283,450.300
284,-4.700
285,0.600
286,169.100
287,-4.200
288,-5.000
289,-3.900
290,318.400
291,-5.000
292,259.200
293,-5.000
294,137.300
295,286.800
296,-5.000
297,213.000
298,-5.000
299,276.000
300,-5.000
1,-5.000
1,-5.000
2,0.000
3,-5.000
4,-5.000
5,0.000
6,-3.800
7,-5.000
8,0.000
9,0.000
10,-4.700
11,0.000
12,0.000
13,-5.000
14,183.400
15,0.000
16,344.600
17,141.300
18,0.000
19,-5.000
20,0.000
21,0.000
22,0.000
23,-4.700
24,0.000
25,0.000
26,-5.000
27,-5.000
28,0.000
29,0.000
30,-5.000
31,-5.000
32,0.000
33,-5.000
34,-5.000
35,0.000
36,-5.000
37,-5.000
38,-2.700
39,0.000
40,0.000
41,-5.000
42,0.000
43,0.000
44,0.000
45,-5.000
46,-4.200
47,-5.000
48,-4.700
49,-4.200
50,-4.500
51,0.000
52,0.000
53,0.000
54,-4.700
55,0.000
56,-4.500
57,0.000
58,0.000
59,0.000
60,-5.000
61,0.000
62,-4.700
63,-5.000
64,-5.000
65,-5.000
66,-4.700
67,0.000
68,0.000
69,0.000
70,0.000
71,-5.000
72,0.000
73,106.700
74,0.000
75,-3.900
76,-4.700
77,0.000
78,-4.400
79,-5.000
80,0.000
81,-2.900
82,0.000
83,-1.300
84,-5.000
85,0.000
86,0.000
87,0.000
88,0.000
89,-3.800
90,-5.000
91,0.000
92,0.000
93,0.000
94,-5.000
95,0.000
96,-4.200
97,0.000
98,-5.000
99,0.000
100,-5.000
101,-5.000
102,0.000
103,-5.000
104,-5.000
105,0.000
106,-5.000
107,0.000
108,0.000
109,-5.000
110,0.000
111,-3.600
112,-5.000
113,-4.400
114,-5.000
115,0.000
116,-3.900
117,-5.000
118,-5.000
119,-5.000
120,0.000
121,-5.000
122,-4.700
123,0.000
124,-5.000
125,-5.000
126,0.000
127,-5.000
128,163.200
129,-5.000
130,0.000
131,-4.400
132,0.000
133,-5.000
134,-5.000
135,-4.400
136,-4.700
137,0.000
138,-5.000
139,0.000
140,-3.100
141,0.000
142,-5.000
143,0.000
144,-5.000
145,0.000
146,0.000
147,-5.000
148,0.000
149,0.000
150,0.000
151,-5.000
152,0.000
153,0.000
154,0.000
155,-5.000
156,-4.700
157,0.000
1,-5.000
2,253.000
3,-4.700
4,229.900
5,118.300
6,-4.700
7,-5.000
8,176.900
9,115.200
10,111.400
11,132.300
12,-5.000
13,169.200
14,142.700
15,172.300
16,148.800
17,-4.700
18,174.700
19,102.500
20,-5.000
21,-3.900
22,96.900
23,150.100
24,127.900
25,128.500
26,97.700
27,88.300
28,-4.500
29,101.900
30,120.100
31,102.300
32,-5.000
33,147.800
34,-3.900
35,-4.700
36,-5.000
37,-3.300
38,144.100
39,-5.000
40,182.400
41,-5.000
42,132.700
43,-4.100
44,85.400
45,118.800
46,-5.000
47,-5.000
48,8.000
49,-2.800
50,-5.000
51,133.000
52,135.700
53,-4.100
54,-4.200
55,107.800
56,174.700
57,-4.700
58,185.100
59,165.800
60,-4.700
61,-0.500
62,135.500
63,167.900
64,-5.000
65,-4.400
66,-5.000
67,-5.000
68,128.300
69,120.600
70,133.900
71,-5.000
72,136.500
73,147.600
74,-4.400
75,105.200
76,116.800
77,120.900
78,153.200
79,-5.000
80,-4.400
81,19.400
82,-4.700
83,-5.000
84,-5.000
85,-4.500
86,228.000
87,100.100
88,125.700
89,114.700
90,0.000
91,-5.000
92,-4.200
93,-5.000
94,128.700
95,135.400
96,-4.200
97,142.100
98,-5.000
99,-5.000
100,124.200
1,-4.500
2,-5.000
3,135.400
4,158.900
5,-5.000
6,329.300
7,184.800
8,218.100
9,162.900
10,-5.000
11,129.900
12,-4.700
13,-5.000
14,-4.700
15,-5.000
16,-5.000
17,375.200
18,-4.700
19,153.700
20,-3.900
21,186.600
22,-4.700
23,335.600
24,-2.800
25,309.700
26,311.900
27,219.500
28,128.600
29,-5.000
30,89.900
31,155.800
32,293.900
33,194.800
34,-3.900
35,-4.400
36,133.200
37,-4.700
38,-2.800
39,-4.700
40,-5.000
41,-5.000
42,137.900
43,-5.000
44,182.800
45,167.400
46,-5.000
47,152.900
48,-5.000
49,-5.000
50,-5.000
51,171.000
52,170.500
53,-4.700
54,-5.000
55,136.900
56,191.800
57,162.100
58,154.600
59,111.600
60,114.000
61,132.000
62,166.000
63,116.800
64,-4.700
65,-4.200
66,-5.000
67,-3.600
68,-5.000
69,151.500
70,96.900
71,-4.700
72,176.200
73,148.400
74,-4.400
75,154.200
76,95.000
77,-5.000
78,120.200
79,-5.000
80,147.700
81,-5.000
82,-5.000
83,94.700
84,-5.000
85,142.800
86,-5.000
87,-4.700
88,-5.000
89,125.000
90,116.900
91,-5.000
92,-5.000
93,-5.000
94,192.300
95,111.600
96,-3.300
97,142.800
98,-3.600
99,379.400
100,-3.600
1,-4.700
2,-5.000
3,-5.000
4,-4.700
5,147.600
6,176.900
7,0.000
8,-5.000
9,-5.000
10,-5.000
11,-5.000
12,175.600
13,153.100
14,117.600
15,152.100
16,193.600
17,108.000
18,-5.000
19,-4.200
20,-4.100
21,261.100
22,-4.700
23,-3.200
24,-5.000
25,-5.000
26,113.200
27,-4.700
28,106.800
29,189.700
30,-5.000
31,169.400
32,-0.300
33,-5.000
34,125.200
35,-5.000
36,-5.000
37,-5.000
38,-4.500
39,164.800
40,145.300
41,172.200
42,168.700
43,165.700
44,140.100
45,-5.000
46,-5.000
47,147.900
48,105.800
49,-5.000
50,-4.700
51,-3.700
52,-3.000
53,-2.200
54,-4.700
55,-3.000
56,135.200
57,-3.300
58,-5.000
59,155.800
60,-5.000
61,-4.700
62,-4.700
63,-4.200
64,-3.900
65,142.600
66,-5.000
67,113.600
68,-4.700
69,-5.000
70,-4.700
71,-5.000
72,-5.000
73,-5.000
74,-3.900
75,222.500
76,195.500
77,-5.000
78,-5.000
79,-5.000
80,-3.900
81,-5.000
82,173.100
83,-5.000
84,-4.700
85,120.600
86,168.600
87,124.200
88,151.700
89,154.900
90,120.900
91,205.300
92,-4.700
93,121.500
94,151.700
95,-5.000
96,-5.000
97,-2.800
98,89.800
99,-5.000
100,123.500
1,-3.900
2,143.900
3,-5.000
4,196.900
5,-4.400
6,-1.900
7,150.100
8,253.400
9,155.900
10,-4.200
11,112.700
12,169.100
13,138.100
14,-4.700
15,156.700
16,-4.200
17,-5.000
18,-5.000
19,-5.000
20,109.200
21,103.800
22,-5.000
23,-3.900
24,142.500
25,126.700
26,181.400
27,-5.000
28,142.900
29,118.900
30,156.000
31,198.200
32,-4.700
33,-5.000
34,149.000
35,141.500
36,160.500
37,-5.000
38,191.200
39,-5.000
40,-4.100
41,125.200
42,-4.500
43,-5.000
44,101.600
45,138.700
46,135.000
47,-5.000
48,-4.500
49,-5.000
50,-5.000
51,138.400
52,-4.700
53,-4.700
54,-5.000
55,118.900
56,-4.700
57,181.100
58,137.700
59,-5.000
60,-4.200
61,-2.700
62,-5.000
63,501.700
64,-5.000
65,-5.000
66,-5.000
67,181.500
68,-5.000
69,-5.000
70,-4.700
71,123.900
72,107.200
73,229.700
74,248.400
75,-4.200
76,-2.100
77,177.900
78,-5.000
79,264.500
80,-4.400
81,-5.000
82,147.600
83,-3.300
84,308.500
85,-5.000
86,-5.000
87,376.900
88,148.500
89,453.300
90,-5.000
91,-4.200
92,-4.500
93,162.400
94,-4.400
95,-4.400
96,-4.700
97,152.300
98,-5.000
99,-4.700
100,-5.000
1,-5.000
2,114.800
3,222.200
4,232.200
5,186.600
6,-5.000
7,-3.100
8,-4.500
9,192.700
10,378.700
11,-5.000
12,-5.000
13,120.100
14,179.300
15,-4.200
16,-5.000
17,145.400
18,127.200
19,238.400
20,-5.000
21,-4.700
22,-3.900
23,133.400
24,188.700
25,-4.700
26,139.300
27,-4.400
28,-5.000
29,243.400
30,209.500
31,-5.000
32,-5.000
33,-4.400
34,-5.000
35,-3.800
36,153.600
37,-5.000
38,137.100
39,122.000
40,-5.000
41,-4.700
42,-5.000
43,329.900
44,-4.200
45,116.900
46,127.800
47,225.200
48,-5.000
49,175.800
50,144.900
51,97.900
52,151.000
53,183.500
54,-5.000
55,-4.200
56,-5.000
57,-2.500
58,167.000
59,147.600
60,-4.700
61,-5.000
62,136.900
63,-4.700
64,167.000
65,95.900
66,-3.500
67,-4.700
68,-2.100
69,133.800
70,180.900
71,111.000
72,123.400
73,118.100
74,-5.000
75,-5.000
76,169.600
77,-5.000
78,-3.300
79,-4.700
80,149.600
81,123.800
82,-5.000
83,-4.500
84,147.800
85,-5.000
86,-5.000
87,-3.600
88,-3.900
89,-3.600
90,-5.000
91,125.200
92,107.400
93,119.600
94,110.100
95,-5.000
96,148.400
97,133.200
98,-5.000
99,-4.500
100,-4.400
1,-5.000
2,-4.400
3,139.800
4,-3.800
5,-5.000
6,-5.000
7,-4.700
8,106.100
9,-3.100
10,-4.700
11,109.100
12,-5.000
13,139.200
14,114.900
15,-5.000
16,-4.700
17,-5.000
18,110.300
19,-3.600
20,-4.700
21,-5.000
22,-5.000
23,-5.000
24,-5.000
25,-4.500
26,-4.700
27,-5.000
28,-3.900
29,89.600
30,-4.700
31,-3.900
32,119.100
33,-5.000
34,-5.000
35,113.200
36,-5.000
37,-5.000
38,-5.000
39,-4.700
40,-4.500
41,-5.000
42,-4.400
43,-4.700
44,-4.700
45,144.300
46,-3.600
47,-5.000
48,-4.700
49,-5.000
50,-5.000
51,-5.000
52,146.400
53,-5.000
54,107.000
55,-5.000
56,-4.700
57,126.400
58,112.700
59,121.000
60,122.000
61,-5.000
62,-5.000
63,-3.600
64,-5.000
65,-5.000
66,-5.000
67,-5.000
68,-5.000
69,-5.000
70,-5.000
71,96.200
72,-5.000
73,117.200
74,-1.500
75,-4.400
76,-5.000
77,-5.000
78,-5.000
79,-5.000
80,-3.900
81,-4.700
82,-4.400
83,-5.000
84,125.300
85,-5.000
86,-3.900
87,-5.000
88,-4.700
89,-5.000
90,-5.000
91,-5.000
92,147.500
93,-4.700
94,134.700
95,124.900
96,179.200
97,-5.000
98,-5.000
99,-5.000
100,-5.000
1,-5.000
2,93.400
3,-5.000
4,123.000
5,-4.500
6,-4.500
7,-5.000
8,-3.900
9,-4.700
10,-4.700
11,-3.100
12,-5.000
13,-5.000
14,99.800
15,-4.500
16,97.300
17,-5.000
18,-5.000
19,-4.700
20,-5.000
21,-2.700
22,-5.000
23,147.400
24,-2.600
25,-4.700
26,-5.000
27,-5.000
28,-5.000
29,-4.700
30,-5.000
31,-4.200
32,-4.500
33,-4.700
34,103.600
35,-5.000
36,-5.000
37,-5.000
38,-5.000
39,-4.200
40,-5.000
41,-5.000
42,-5.000
43,133.500
44,123.000
45,100.500
46,-2.500
47,-4.400
48,-5.000
49,-5.000
50,-5.000
51,138.600
52,-4.700
53,-5.000
54,-4.700
55,103.600
56,-5.000
57,-5.000
58,-4.400
59,-5.000
60,-5.000
61,-3.900
62,-4.400
63,-3.600
64,-5.000
65,-5.000
66,-4.500
67,-5.000
68,-3.900
69,-3.600
70,-5.000
71,97.300
72,-5.000
73,-5.000
74,-5.000
75,-5.000
76,-5.000
77,-5.000
78,-5.000
79,-4.700
80,129.800
81,-5.000
82,-3.600
83,-4.200
84,-4.700
85,-5.000
86,-5.000
87,-4.200
88,-2.700
89,-3.600
90,133.700
91,-5.000
92,-4.700
93,-5.000
94,97.700
95,-5.000
96,106.800
97,102.100
98,-5.000
99,88.800
100,119.900
1,-5.000
2,-5.000
3,-5.000
4,-5.000
5,-5.000
6,-5.000
7,-5.000
8,-5.000
9,109.900
10,-4.700
11,-3.000
12,-4.500
13,126.800
14,-5.000
15,-4.400
16,-5.000
17,-4.500
18,-4.100
19,108.400
20,121.100
21,-5.000
22,118.200
23,-4.700
24,-5.000
25,101.400
26,-5.000
27,-5.000
28,-5.000
29,128.400
30,92.900
31,135.900
32,112.900
33,-5.000
34,122.300
35,-5.000
36,-4.500
37,-4.200
38,-5.000
39,137.300
40,-3.000
41,-5.000
42,-5.000
43,-5.000
44,-5.000
45,-3.600
46,-3.000
47,-4.700
48,-5.000
49,-5.000
50,-5.000
51,-3.100
52,176.800
53,-5.000
54,-4.400
55,-5.000
56,-5.000
57,-5.000
58,-5.000
59,-5.000
60,-4.700
61,-5.000
62,93.400
63,-4.400
64,-5.000
65,-5.000
66,-3.900
67,-5.000
68,-4.700
69,-5.000
70,-4.700
71,-4.700
72,115.300
73,93.700
74,-4.700
75,137.100
76,-4.700
77,-4.500
78,-4.700
79,-5.000
80,-4.700
81,-4.700
82,-4.700
83,-3.900
84,-1.900
85,-4.700
86,-3.100
87,113.200
88,-5.000
89,-5.000
90,-5.000
91,-5.000
92,-4.700
93,-1.600
94,-4.700
95,-5.000
96,-5.000
97,-4.500
98,111.800
99,-5.000
100,-5.000
1,-5.000
2,-3.300
3,-3.900
4,-5.000
5,-5.000
6,-4.400
7,-4.200
8,-5.000
9,116.300
10,-4.500
11,-4.700
12,111.600
13,-5.000
14,-4.700
15,-3.300
16,-4.700
17,122.700
18,116.200
19,-5.000
20,-5.000
21,-4.700
22,-5.000
23,-5.000
24,-5.000
25,-4.700
26,-5.000
27,-5.000
28,-5.000
29,-4.500
30,0.000
31,-5.000
32,-4.700
33,-3.600
34,-3.900
35,-4.700
36,121.500
37,-3.900
38,-2.800
39,126.500
40,-4.700
41,-4.400
42,-4.700
43,-5.000
44,-4.400
45,104.200
46,-4.400
47,103.100
48,-5.000
49,95.700
50,88.800
51,-4.400
52,94.000
53,93.500
54,-5.000
55,-5.000
56,-5.000
57,-0.500
58,-5.000
59,-5.000
60,-3.400
61,-3.600
62,-5.000
63,-5.000
64,-5.000
65,98.900
66,-5.000
67,-5.000
68,-4.100
69,-5.000
70,97.500
71,-4.500
72,-5.000
73,-5.000
74,-5.000
75,-4.500
76,109.600
77,149.600
78,-4.700
79,-4.100
80,-3.900
81,88.100
82,131.900
83,-4.200
84,-4.100
85,94.000
86,-5.000
87,-5.000
88,-1.700
89,-4.200
90,-5.000
91,118.900
92,-4.700
93,111.700
94,-4.700
95,109.100
96,100.100
97,114.500
98,-4.400
99,-5.000
100,-5.000
1,0.000
2,0.000
3,0.000
4,0.000
5,0.000
6,0.000
7,0.000
8,0.000
9,0.000
10,0.000
11,0.000
12,0.000
13,0.000
14,0.000
15,0.000
16,0.000
17,0.000
18,0.000
19,0.000
20,0.000
21,0.000
22,0.000
23,0.000
24,0.000
25,0.000
26,0.000
27,0.000
28,0.000
29,0.000
30,0.000
31,0.000
32,0.000
33,0.000
34,0.000
35,0.000
36,0.000
37,0.000
38,0.000
39,0.000
40,0.000
41,0.000
42,0.000
43,0.000
44,0.000
45,0.000
46,0.000
47,0.000
48,0.000
49,0.000
50,0.000
51,0.000
52,0.000
53,0.000
54,0.000
55,0.000
56,0.000
57,0.000
58,0.000
59,0.000
60,0.000
61,0.000
62,0.000
63,0.000
64,0.000
65,0.000
66,0.000
67,0.000
68,0.000
69,0.000
70,0.000
71,0.000
72,0.000
73,0.000
74,0.000
75,0.000
76,0.000
77,0.000
78,0.000
79,0.000
80,0.000
81,0.000
82,0.000
83,0.000
84,0.000
85,0.000
86,0.000
87,0.000
88,0.000
89,0.000
90,0.000
91,0.000
92,0.000
93,0.000
94,0.000
95,0.000
96,0.000
97,0.000
98,0.000
99,0.000
100,0.000
1,-5.000
2,113.200
3,-5.000
4,112.900
5,91.400
6,-2.400
7,-5.000
8,98.000
9,-5.000
10,-5.000
11,-4.700
12,117.100
13,-4.200
14,107.200
15,-5.000
16,-5.000
17,-2.900
18,130.000
19,-4.500
20,-5.000
21,1.800
22,90.200
23,89.800
24,107.900
25,-4.200
26,-5.000
27,90.800
28,-4.700
29,-3.500
30,-5.000
31,-5.000
32,-5.000
33,-4.700
34,-4.500
35,-4.700
36,200.600
37,116.100
38,-5.000
39,-5.000
40,-5.000
41,151.900
42,-4.700
43,-5.000
44,-4.400
45,119.300
46,-4.700
47,-3.700
48,-4.700
49,99.800
50,-4.400
51,-2.700
52,-5.000
53,-4.700
54,-4.200
55,-4.700
56,126.700
57,-5.000
58,108.200
59,-4.700
60,106.100
61,-4.400
62,-5.000
63,-5.000
64,-5.000
65,128.600
66,105.700
67,-5.000
68,-5.000
69,-2.800
70,155.000
71,-5.000
72,-5.000
73,-4.700
74,-3.700
75,-5.000
76,-5.000
77,-5.000
78,-5.000
79,-5.000
80,-5.000
81,-5.000
82,108.100
83,-5.000
84,-5.000
85,-5.000
86,112.400
87,-5.000
88,-4.700
89,101.300
90,106.400
91,-4.500
92,-4.500
93,-4.700
94,-4.400
95,-5.000
96,-5.000
97,99.800
98,-5.000
99,-5.000
100,-4.700
1,-5.000
2,-4.200
3,-4.400
4,92.800
5,-4.100
6,126.100
7,-3.400
8,-3.100
9,-5.000
10,-5.000
11,-5.000
12,232.100
13,-5.000
14,-5.000
15,133.500
16,-2.500
17,120.500
18,104.800
19,-4.500
20,-4.400
21,-3.300
22,-5.000
23,-5.000
24,-4.500
25,95.700
26,-5.000
27,-5.000
28,-5.000
29,104.500
30,-5.000
31,101.800
32,-5.000
33,123.400
34,-5.000
35,-4.200
36,-5.000
37,-3.600
38,107.600
39,90.700
40,-3.300
41,116.600
42,-4.400
43,-3.600
44,-4.400
45,-5.000
46,-5.000
47,-5.000
48,-3.600
49,-5.000
50,-5.000
51,-5.000
52,-3.900
53,-3.800
54,-5.000
55,-5.000
56,129.900
57,-3.900
58,-3.900
59,96.200
60,141.500
61,-5.000
62,96.400
63,91.100
64,89.800
65,99.300
66,119.800
67,99.200
68,-5.000
69,-5.000
70,115.800
71,-5.000
72,116.900
73,122.300
74,128.500
75,131.800
76,-5.000
77,-4.100
78,-5.000
79,129.700
80,101.400
81,145.100
82,-4.400
83,110.700
84,-5.000
85,-5.000
86,-4.700
87,108.800
88,-1.900
89,-4.700
90,215.100
91,-3.600
92,92.000
93,-2.700
94,-5.000
95,98.200
96,-5.000
97,-4.200
98,113.200
99,103.700
100,107.200
1,-5.000
2,-4.400
3,-3.900
4,-2.900
5,-4.400
6,-5.000
7,-4.700
8,232.200
9,-1.900
10,-4.700
11,102.500
12,-4.700
13,-4.700
14,-4.700
15,-5.000
16,-4.700
17,-4.700
18,-5.000
19,-5.000
20,-5.000
21,-4.700
22,-5.000
23,-5.000
24,142.200
25,-5.000
26,-5.000
27,-5.000
28,-3.500
29,176.100
30,-4.400
31,-4.700
32,155.900
33,-5.000
34,-5.000
35,120.100
36,-5.000
37,-5.000
38,-5.000
39,128.200
40,-5.000
41,-5.000
42,-4.400
43,-4.500
44,119.100
45,-4.700
46,-4.500
47,362.600
48,156.900
49,-5.000
50,-4.700
51,-5.000
52,-5.000
53,115.500
54,103.300
55,-4.100
56,-5.000
57,-1.900
58,-5.000
59,94.700
60,142.800
61,-4.700
62,-5.000
63,-5.000
64,97.500
65,-4.700
66,237.300
67,-3.200
68,-4.700
69,-5.000
70,125.100
71,-4.700
72,-4.400
73,-5.000
74,129.000
75,126.800
76,161.500
77,111.600
78,-5.000
79,-4.700
80,107.300
81,-4.200
82,123.600
83,106.000
84,-5.000
85,-5.000
86,-3.900
87,-4.200
88,-5.000
89,169.400
90,-4.700
91,-5.000
92,-4.400
93,102.800
94,-4.100
95,-4.700
96,-4.700
97,-4.700
98,-3.800
99,-5.000
100,1.000
1,-5.000
2,-4.100
3,198.300
4,-5.000
5,-5.000
6,-5.000
7,267.900
8,-2.500
9,115.000
10,136.400
11,-5.000
12,-4.200
13,-4.200
14,-4.400
15,178.900
16,-5.000
17,-5.000
18,-5.000
19,243.800
20,118.000
21,-5.000
22,-3.000
23,-4.200
24,-5.000
25,223.100
26,-5.000
27,161.900
28,-5.000
29,-5.000
30,-5.000
31,-3.900
32,-5.000
33,-5.000
34,-5.000
35,-5.000
36,148.600
37,-5.000
38,-4.700
39,-5.000
40,-4.400
41,-5.000
42,-3.300
43,149.200
44,-5.000
45,-4.700
46,-5.000
47,-5.000
48,-4.700
49,-4.400
50,-5.000
51,-5.000
52,-5.000
53,-5.000
54,-4.100
55,-2.200
56,-5.000
57,-5.000
58,-1.800
59,-3.900
60,143.000
61,-1.200
62,-5.000
63,124.600
64,149.300
65,-3.500
66,-5.000
67,-4.700
68,135.900
69,-5.000
70,-4.700
71,-5.000
72,-5.000
73,168.100
74,-4.500
75,-5.000
76,-5.000
77,-4.400
78,174.000
79,-4.700
80,-5.000
81,-5.000
82,-5.000
83,-4.700
84,-5.000
85,-4.700
86,105.600
87,-5.000
88,120.800
89,-3.300
90,112.100
91,-5.000
92,115.500
93,-5.000
94,-5.000
95,-4.500
96,-5.000
97,-1.300
98,-5.000
99,-4.700
100,-5.000
1,93.000
2,110.100
3,99.600
4,88.300
5,100.500
6,90.600
7,107.600
8,187.800
9,110.200
10,109.400
11,97.400
12,92.000
13,103.800
14,88.800
15,90.600
16,122.300
17,109.400
18,113.600
19,119.900
20,82.800
21,94.800
22,149.000
23,107.700
24,93.500
25,99.100
26,100.600
27,98.000
28,100.600
29,92.700
30,112.800
31,102.200
32,166.100
33,91.500
34,113.700
35,108.500
36,115.400
37,92.000
38,121.000
39,120.300
40,102.000
41,109.300
42,119.700
43,107.000
44,106.600
45,100.300
46,109.900
47,106.100
48,93.600
49,101.300
50,106.600
51,96.400
52,90.300
53,97.400
54,85.900
55,93.800
56,88.000
57,93.800
58,110.600
59,88.400
60,94.600
61,98.000
62,88.800
63,94.400
64,93.600
65,107.500
66,121.000
67,97.500
68,91.600
69,107.600
70,136.100
71,102.500
72,121.300
73,177.000
74,98.500
75,106.600
76,116.000
77,145.700
78,102.800
79,98.200
80,108.500
81,92.300
82,149.000
83,109.500
84,105.500
85,105.000
86,116.200
87,156.100
88,107.600
89,120.400
90,130.400
91,121.900
92,129.300
93,110.400
94,129.000
95,171.100
96,109.800
97,132.500
98,97.900
99,229.500
100,121.300
1,148.900
2,180.400
3,107.800
4,108.400
5,128.300
6,130.100
7,193.400
8,182.200
9,121.700
10,135.500
11,94.300
12,158.800
13,90.500
14,135.300
15,123.900
16,160.000
17,97.900
18,88.100
19,131.300
20,99.000
21,111.700
22,137.100
23,119.100
24,136.400
25,91.500
26,187.800
27,95.800
28,146.200
29,137.400
30,150.100
31,205.100
32,271.600
33,107.800
34,152.500
35,115.800
36,162.600
37,231.400
38,122.500
39,258.900
40,170.500
41,95.500
42,84.500
43,97.100
44,158.500
45,105.600
46,229.400
47,114.400
48,244.100
49,164.200
50,177.500
51,114.400
52,141.500
53,183.800
54,175.400
55,215.300
56,266.600
57,94.700
58,115.400
59,110.400
60,122.700
61,128.700
62,124.900
63,122.000
64,178.100
65,103.300
66,124.400
67,113.300
68,108.900
69,96.000
70,129.000
71,134.800
72,103.100
73,95.700
74,176.100
75,175.900
76,133.900
77,120.100
78,173.500
79,103.400
80,111.300
81,161.900
82,248.500
83,140.700
84,162.200
85,116.900
86,175.400
87,154.300
88,183.300
89,253.500
90,170.000
91,222.000
92,167.500
93,107.200
94,136.700
95,148.900
96,129.500
97,287.300
98,152.900
99,183.800
100,126.000
1,-4.700
2,-5.000
3,-3.500
4,-4.700
5,-5.000
6,-5.000
7,-4.700
8,-4.700
9,-4.700
10,-4.400
11,-4.700
12,-4.400
13,-4.700
14,-4.700
15,-4.400
16,-5.000
17,-4.100
18,-4.700
19,-3.400
20,-3.600
21,-5.000
22,-4.400
23,-3.000
24,-4.700
25,-4.400
26,-5.000
27,-5.000
28,-4.400
29,-5.000
30,-4.700
31,-4.500
32,-5.000
33,-5.000
34,-2.800
35,-3.500
36,-4.100
37,-5.000
38,170.400
39,-5.000
40,-4.700
41,124.800
42,-3.000
43,186.400
44,-5.000
45,-5.000
46,-5.000
47,-1.100
48,-5.000
49,-5.000
50,-4.400
51,-4.400
52,-4.400
53,177.100
54,-4.700
55,-5.000
56,-2.800
57,-5.000
58,-5.000
59,129.500
60,-5.000
61,112.500
62,-4.700
63,-3.900
64,99.900
65,103.900
66,-5.000
67,-4.700
68,4.500
69,-5.000
70,-3.800
71,-4.400
72,93.600
73,98.900
74,-4.400
75,-5.000
76,119.100
77,93.300
78,-3.600
79,170.600
80,148.100
81,151.600
82,-2.900
83,104.900
84,108.800
85,-5.000
86,-5.000
87,-4.700
88,-4.700
89,106.800
90,-4.700
91,-5.000
92,197.600
93,-5.000
94,-5.000
95,-3.500
96,-4.700
97,-3.800
98,-2.500
99,-4.700
100,146.900
1,-5.000
1,-4.500
1,-5.000
1,-5.000
1,-4.700
1,0.000
1,-5.000
1,-5.000
1,1.200
1,130.900
2,1.300
2,129.500
3,-4.700
3,92.300
4,117.400
4,-2.000
5,104.700
5,-3.500
6,98.000
6,-5.000
7,-3.800
7,106.000
8,112.800
8,-2.900
9,-1.700
9,112.800
10,103.200
10,-2.300
1,-0.200
1,117.200
2,-4.100
2,107.300
3,111.600
3,-4.100
4,-1.100
4,123.600
5,-2.300
5,111.500
6,-3.200
6,105.000
7,-3.500
7,103.100
8,97.300
8,-3.500
9,94.900
9,-4.400
10,-4.700
10,98.200
11,-1.400
11,131.800
12,-2.600
12,109.400
13,0.100
13,125.700
14,-2.600
14,105.600
15,116.100
15,-2.000
16,102.700
16,-4.100
17,98.200
17,-4.700
18,-0.200
18,125.500
19,-3.200
19,125.400
20,118.100
20,-1.200
21,-1.000
21,115.900
22,109.500
22,-2.300
23,108.800
23,2.500
24,123.800
24,-2.900
25,-1.700
25,134.900
26,-3.200
26,98.100
27,101.400
27,-2.600
28,153.300
28,-1.700
29,152.500
29,2.100
30,-2.300
30,101.200
31,94.200
31,-4.400
32,-3.800
32,96.900
33,98.800
33,-1.400
34,109.400
34,-2.300
35,102.300
35,-3.500
36,-4.100
36,101.600
37,-3.500
37,103.400
38,113.500
38,-1.700
39,-5.000
39,96.100
40,1.700
40,135.400
41,100.700
41,-3.200
42,117.300
42,0.500
43,119.200
43,-1.500
44,-3.800
44,93.400
45,-5.000
45,103.100
46,-3.200
46,103.300
47,94.500
47,-2.600
48,104.500
48,-4.100
49,141.400
49,0.600
50,3.700
50,141.500
51,115.000
51,-3.200
52,100.900
52,-4.100
53,122.800
53,-1.100
54,-3.800
54,98.200
55,123.700
55,-0.500
56,-4.100
56,112.500
57,111.800
57,0.300
58,129.400
58,4.700
59,103.900
59,-3.200
60,-1.400
60,114.100
61,-4.400
61,103.900
62,-3.500
62,101.200
63,86.500
63,-4.700
64,100.000
64,-4.100
65,93.600
65,-3.500
66,1.700
66,141.500
67,117.900
67,0.100
68,101.000
68,-1.100
69,-2.300
69,115.300
70,-4.100
70,95.500
71,-0.800
71,138.600
72,105.600
72,-3.500
73,133.300
73,-0.800
74,115.900
74,-1.300
75,114.100
75,0.000
76,-3.800
76,96.600
77,95.000
77,-4.700
78,108.000
78,-1.800
79,125.200
79,2.500
80,95.600
80,-3.600
81,94.500
81,-4.100
82,109.000
82,-1.100
83,91.200
83,-4.700
84,-2.600
84,97.900
85,112.900
85,-2.400
86,107.100
86,-3.500
87,104.400
87,-4.100
88,100.900
88,-1.700
89,119.300
89,0.200
90,-2.400
90,106.400
91,-4.100
91,91.900
92,99.600
92,-3.200
93,99.600
93,-4.100
94,124.400
94,0.400
95,-3.800
95,107.100
96,-2.000
96,139.800
97,-4.100
97,103.700
98,124.300
98,0.600
99,127.400
99,-0.800
100,-0.500
100,120.400
1,-2.900
1,112.300
2,93.600
2,-4.400
3,101.400
3,-3.200
4,-3.800
4,97.500
5,-1.700
5,103.000
6,-2.300
6,104.700
7,-2.700
7,116.600
8,113.700
8,-1.200
9,127.000
9,-2.100
10,-3.800
10,100.900
11,104.700
11,-4.100
12,-2.600
12,118.400
13,-2.900
13,109.400
14,0.400
14,125.100
15,-3.500
15,101.600
16,-3.200
16,110.400
17,114.200
17,-3.500
18,-1.500
18,95.500
19,109.100
19,-3.200
20,121.200
20,-0.200
21,-3.500
21,98.200
22,112.900
22,-4.400
23,98.500
23,-4.100
24,98.400
24,-2.900
25,-3.200
25,109.900
26,92.800
26,-2.700
27,-2.000
27,123.800
28,103.200
28,-4.400
29,102.100
29,-3.500
30,-2.000
30,118.200
31,3.300
31,136.200
32,112.600
32,-0.200
33,-2.000
33,106.400
34,-2.700
34,111.200
35,106.300
35,-2.300
36,-2.300
36,129.100
37,95.700
37,-4.400
38,-3.800
38,101.400
39,99.800
39,-3.300
40,-4.700
40,93.300
41,104.400
41,-2.600
42,113.800
42,-2.400
43,113.700
43,-0.000
44,119.100
44,-0.500
45,-2.400
45,112.100
46,121.200
46,5.500
47,101.800
47,-2.100
48,98.400
48,-3.200
49,1.900
49,128.700
50,125.400
50,-2.600
51,-0.800
51,113.800
52,97.100
52,-3.500
53,95.700
53,-3.800
54,99.100
54,-3.500
55,-4.400
55,94.000
56,121.200
56,-2.000
57,-1.600
57,107.300
58,-2.000
58,122.600
59,95.500
59,-2.900
60,-2.600
60,113.300
61,-3.200
61,110.100
62,-2.300
62,111.700
63,-4.100
63,89.500
64,103.000
64,-4.100
65,98.900
65,-5.000
66,92.500
66,-3.800
67,-1.100
67,128.300
68,89.500
68,-4.400
69,-3.200
69,101.200
70,-0.000
70,101.800
71,110.900
71,-3.500
72,114.200
72,-3.500
73,131.700
73,1.200
74,95.000
74,-4.100
75,-0.500
75,108.400
76,3.600
76,140.300
77,-3.200
77,95.400
78,-3.200
78,110.200
79,-2.400
79,108.100
80,103.000
80,-1.400
81,100.700
81,-3.500
82,-0.500
82,111.000
83,-3.300
83,108.200
84,116.200
84,-1.200
85,-1.500
85,116.600
86,86.500
86,-5.000
87,-2.500
87,89.200
88,101.100
88,-2.900
89,98.100
89,-3.800
90,-4.100
90,90.000
91,-0.500
91,132.100
92,-3.500
92,106.600
93,107.400
93,-1.200
94,119.400
94,-1.200
95,-0.200
95,120.400
96,-0.000
96,141.600
97,108.500
97,-4.400
98,104.900
98,-3.800
99,-3.800
99,95.200
100,110.600
100,-2.900
1,-4.700
1,89.400
2,113.500
2,-1.500
3,94.300
3,-4.100
4,-0.300
4,124.700
5,-4.100
5,105.400
6,-3.200
6,118.500
7,117.900
7,-2.300
8,-3.900
8,85.400
9,111.000
9,-0.700
10,1.800
10,137.000
11,110.600
11,-3.200
12,107.100
12,-4.100
13,99.400
13,-1.700
14,-4.100
14,92.700
15,-2.300
15,111.900
16,131.400
16,-1.800
17,128.300
17,-2.300
18,-1.700
18,130.700
19,-1.500
19,125.200
20,97.800
20,-1.700
21,-3.200
21,103.100
22,114.900
22,-3.800
23,-4.400
23,97.500
24,100.900
24,-4.400
25,110.500
25,-1.400
26,4.700
26,147.000
27,133.200
27,-0.000
28,-3.000
28,106.800
29,98.600
29,-4.100
30,-3.000
30,93.200
31,3.100
31,141.400
32,94.100
32,-4.700
33,110.100
33,-2.400
34,-4.400
34,93.600
35,-3.500
35,102.200
36,1.300
36,128.000
37,86.200
37,-4.700
38,-0.500
38,112.100
39,118.500
39,-0.500
40,103.700
40,-4.700
41,94.800
41,-4.400
42,110.200
42,-1.200
43,-3.200
43,96.500
44,118.200
44,1.700
45,-2.900
45,105.800
46,96.200
46,-3.900
47,107.200
47,-4.400
48,-3.800
48,92.700
49,-2.900
49,119.700
50,-1.200
50,124.200
51,1.000
51,124.700
52,109.800
52,-0.700
53,95.100
53,-2.300
54,1.000
54,132.100
55,107.700
55,-2.900
56,-3.200
56,95.100
57,126.900
57,2.000
58,0.700
58,120.600
59,110.600
59,-2.300
60,-0.900
60,117.600
61,1.200
61,117.100
62,106.500
62,-3.800
63,115.400
63,-2.900
64,112.300
64,0.400
65,118.100
65,-2.900
66,99.200
66,-3.500
67,-3.800
67,114.900
68,107.800
68,-2.300
69,108.700
69,-3.600
70,-2.600
70,98.800
71,121.100
71,-1.100
72,109.400
72,-2.900
73,100.800
73,-2.900
74,110.900
74,-3.200
75,-3.500
75,99.500
76,-3.800
76,107.900
77,106.100
77,-2.900
78,-1.600
78,110.000
79,112.700
79,-1.700
80,140.500
80,3.400
81,-4.700
81,95.900
82,-5.000
82,95.500
83,113.200
83,0.900
84,-3.200
84,114.800
85,-3.200
85,106.700
86,100.900
86,-3.500
87,101.700
87,-2.400
88,94.800
88,-4.100
89,-3.500
89,101.200
90,-3.800
90,93.900
91,-1.400
91,105.700
92,94.000
92,-4.200
93,-3.000
93,94.200
94,6.500
94,129.800
95,98.500
95,-4.100
96,-3.800
96,104.800
97,-2.900
97,99.300
98,-4.100
98,95.100
99,-3.800
99,103.800
100,107.300
100,-1.400
1,104.400
1,-4.100
2,110.900
2,-2.300
3,97.400
3,-3.500
4,-3.200
4,105.700
5,-2.000
5,117.100
6,-4.700
6,85.200
7,-1.400
7,119.700
8,-0.600
8,110.500
9,108.600
9,-3.200
10,-3.000
10,107.200
11,-1.900
11,118.000
12,105.500
12,-3.500
13,105.300
13,0.300
14,109.200
14,-2.600
15,119.500
15,-1.800
16,113.700
16,-2.900
17,-1.900
17,96.800
18,-4.100
18,102.900
19,-0.600
19,116.800
20,88.800
20,-4.700
21,120.000
21,0.000
22,97.000
22,-4.100
23,0.600
23,130.100
24,110.000
24,-0.800
25,113.600
25,-2.900
26,-4.100
26,96.900
27,-4.700
27,95.000
28,140.100
28,3.700
29,-1.700
29,117.200
30,-3.800
30,105.700
31,-3.800
31,111.500
32,94.000
32,-3.800
33,123.900
33,-1.400
34,-4.400
34,91.800
35,126.800
35,-2.300
36,-1.000
36,105.500
37,95.100
37,-4.100
38,-4.400
38,107.100
39,94.700
39,-3.800
40,-3.800
40,104.800
41,106.600
41,-3.800
42,117.900
42,-1.300
43,110.700
43,-2.700
44,112.400
44,-2.600
45,-5.000
45,92.700
46,94.100
46,-4.100
47,-0.500
47,131.500
48,114.000
48,-1.400
49,-0.600
49,119.300
50,4.700
50,144.300
51,93.100
51,-4.100
52,-1.900
52,109.600
53,109.900
53,-2.700
54,-3.400
54,102.900
55,-4.100
55,100.100
56,140.200
56,2.200
57,-5.000
57,96.600
58,-2.000
58,120.100
59,102.100
59,-3.800
60,128.700
60,2.400
61,-4.100
61,112.700
62,132.800
62,-2.000
63,-1.200
63,112.200
64,-3.500
64,107.800
65,122.300
65,-3.200
66,110.800
66,-0.800
67,-2.900
67,115.400
68,-2.000
68,110.800
69,-4.100
69,97.500
70,-4.100
70,94.500
71,-3.500
71,102.800
72,105.700
72,-2.100
73,95.100
73,-3.600
74,-3.200
74,122.900
75,-4.700
75,97.100
76,-4.400
76,99.600
77,99.600
77,-2.900
78,109.200
78,-2.300
79,124.200
79,-1.100
80,105.200
80,-2.600
81,97.700
81,-3.400
82,4.300
82,159.500
83,102.600
83,-3.200
84,-4.400
84,101.400
85,95.400
85,-3.900
86,-1.700
86,108.500
87,101.100
87,-3.300
88,111.900
88,-0.600
89,-5.000
89,91.200
90,111.500
90,-2.000
91,-5.000
91,98.700
92,106.900
92,-2.900
93,-4.100
93,87.700
94,3.000
94,135.000
95,-1.500
95,116.300
96,-4.100
96,99.700
97,-2.600
97,114.300
98,-3.600
98,100.100
99,-2.300
99,106.500
100,95.500
100,-3.200
1,-3.200
1,99.700
2,-0.600
2,109.400
3,96.400
3,-3.500
4,0.300
4,122.800
5,113.800
5,-2.300
6,1.200
6,135.900
7,-3.500
7,95.500
8,-0.500
8,113.700
9,112.600
9,-2.600
10,104.700
10,-2.100
11,-2.000
11,117.300
12,-4.400
12,89.200
13,96.900
13,-4.100
14,97.000
14,-1.800
15,91.300
15,-4.700
16,-3.500
16,102.100
17,103.800
17,-1.400
18,-3.800
18,95.500
19,-1.400
19,112.100
20,114.700
20,0.400
21,115.200
21,-2.000
22,-4.700
22,98.500
23,0.000
23,129.100
24,136.400
24,1.000
25,-2.900
25,102.300
26,-1.800
26,100.900
27,-4.100
27,99.600
28,-1.700
28,113.400
29,1.900
29,114.900
30,-4.100
30,97.000
31,-2.000
31,115.200
32,-3.800
32,104.000
33,-2.100
33,109.100
34,110.000
34,-2.400
35,-3.500
35,116.500
36,1.300
36,150.300
37,114.200
37,1.200
38,120.200
38,1.000
39,115.900
39,0.800
40,-2.300
40,97.400
41,103.500
41,-2.300
42,139.200
42,0.800
43,1.300
43,122.100
44,-5.000
44,83.900
45,-2.600
45,114.800
46,99.900
46,-2.400
47,-4.400
47,113.500
48,-4.700
48,84.800
49,-3.800
49,99.400
50,108.000
50,-3.800
51,137.500
51,-1.300
52,117.400
52,-2.600
53,118.600
53,-1.700
54,108.200
54,-3.800
55,-0.400
55,101.900
56,99.900
56,-0.900
57,121.500
57,-2.000
58,-2.000
58,110.600
59,114.600
59,1.600
60,101.800
60,-5.000
61,94.300
61,-4.100
62,-4.400
62,91.100
63,-2.100
63,123.400
64,92.200
64,-3.500
65,99.000
65,-4.100
66,84.300
66,-5.000
67,-4.400
67,87.500
68,-4.100
68,105.000
69,-4.400
69,97.000
70,1.300
70,129.600
71,-3.800
71,99.300
72,1.500
72,140.000
73,-1.200
73,122.600
74,94.200
74,-3.800
75,0.900
75,121.300
76,-1.800
76,115.900
77,-0.700
77,110.300
78,-3.200
78,102.500
79,105.600
79,-2.600
80,96.000
80,-3.200
81,-0.300
81,122.600
82,92.300
82,-4.700
83,-2.000
83,114.500
84,-2.400
84,111.400
85,-1.800
85,120.500
86,0.400
86,134.900
87,125.000
87,-0.600
88,-4.400
88,97.500
89,122.800
89,-0.800
90,98.500
90,-2.600
91,119.100
91,-1.200
92,114.600
92,-1.400
93,3.400
93,149.400
94,113.700
94,-0.500
95,-2.900
95,113.100
96,112.000
96,-3.500
97,125.700
97,-0.400
98,92.200
98,-4.400
99,116.400
99,-2.900
100,110.900
100,-2.600
1,-4.400
1,90.900
2,-4.100
2,102.100
3,107.700
3,-2.000
4,-5.000
4,85.100
5,115.200
5,-3.200
6,-1.400
6,108.400
7,-2.600
7,103.300
8,133.200
8,-2.000
9,96.200
9,-4.100
10,103.300
10,-2.600
11,-2.100
11,119.700
12,-2.900
12,96.500
13,108.100
13,-2.600
14,112.100
14,-2.600
15,-3.200
15,100.900
16,-1.200
16,110.300
17,129.000
17,-1.200
18,128.400
18,0.700
19,135.200
19,0.300
20,118.100
20,1.300
21,114.200
21,-3.000
22,95.300
22,-4.100
23,106.900
23,-3.500
24,89.300
24,-4.100
25,124.600
25,-1.100
26,113.400
26,-2.100
27,-1.700
27,134.900
28,99.700
28,-3.900
29,-2.900
29,97.600
30,109.000
30,-2.100
31,-3.500
31,100.800
32,125.300
32,-1.100
33,106.400
33,-3.200
34,104.400
34,-3.500
35,97.300
35,-4.700
36,-0.600
36,108.300
37,109.000
37,0.700
38,-3.300
38,115.500
39,123.400
39,-1.800
40,-3.600
40,105.300
41,-1.500
41,114.900
42,104.200
42,-3.800
43,140.200
43,1.200
44,4.100
44,137.300
45,-1.400
45,118.500
46,-1.100
46,106.700
47,137.500
47,0.400
48,1.300
48,137.200
49,-1.400
49,109.800
50,-3.200
50,108.100
51,113.900
51,2.500
52,110.800
52,-1.100
53,112.400
53,-1.700
54,1.600
54,121.400
55,-4.100
55,99.200
56,-4.700
56,90.900
57,-4.400
57,98.100
58,102.000
58,-3.500
59,-2.300
59,111.200
60,-2.000
60,120.200
61,129.300
61,-0.100
62,-4.400
62,93.300
63,-2.100
63,107.500
64,0.000
64,107.300
65,-1.200
65,106.700
66,111.400
66,-3.500
67,110.000
67,-2.300
68,103.600
68,-4.400
69,105.900
69,-1.400
70,-0.200
70,113.000
71,111.400
71,-1.200
72,110.600
72,-1.500
73,123.700
73,0.700
74,107.600
74,-2.600
75,1.500
75,137.000
76,-3.000
76,104.400
77,125.000
77,-1.100
78,2.200
78,125.100
79,99.300
79,-3.200
80,-5.000
80,91.900
81,116.700
81,1.300
82,-4.400
82,87.000
83,0.000
83,119.300
84,-2.700
84,98.500
85,-2.700
85,93.400
86,-3.800
86,100.000
87,101.500
87,-3.500
88,98.500
88,-4.100
89,-0.800
89,124.700
90,-3.500
90,116.500
91,-5.000
91,92.600
92,2.400
92,125.900
93,-3.800
93,103.400
94,-3.200
94,100.900
95,-0.800
95,117.600
96,-1.400
96,110.000
97,-3.800
97,106.900
98,-2.100
98,101.300
99,-0.500
99,116.100
100,-2.600
100,104.700
