episode,aggressive,defensive,balanced,random
1,1,0,3,0
2,2,0,1,1
3,3,1,3,6
4,2,3,2,3
5,3,0,1,0
6,0,2,2,0
7,3,3,2,4
8,2,0,3,0
9,3,6,3,7
10,0,3,0,0
11,0,1,2,0
12,1,3,3,2
13,3,15,1,10
14,2,7,2,9
15,2,1,1,0
16,3,0,0,0
17,2,1,0,1
18,1,0,1,1
19,1,0,3,0
20,2,15,7,6
21,1,1,0,1
22,0,1,1,2
23,1,3,2,1
24,1,0,3,0
25,4,10,5,10
26,2,2,1,0
27,1,1,2,0
28,2,3,3,0
29,1,1,1,0
30,2,9,2,6
1,2,1,1,0
1,2,12,2,2
1,2,0,2,0
1,1,1,0,1
1,1,0,0,0
1,1,0,2,1
1,0,0,0,0
1,1,0,0,1
1,1,0,1,1
1,1,1,1,0
1,1,0,0,2
1,2,11,2,3
1,1,1,2,1
1,0,0,3,2
1,1,0,2,1
1,4,5,5,4
2,3,3,1,0
3,0,1,2,1
4,3,4,3,3
5,2,11,4,8
1,1,0,3,1
2,0,0,3,1
3,2,2,2,4
4,2,1,1,1
5,6,5,0,1
1,0,0,0,0
2,0,0,0,0
3,0,0,0,0
4,0,0,0,0
5,0,0,0,0
1,0,0,0,0
2,0,0,0,0
3,0,0,0,0
4,0,0,0,0
5,0,0,0,0
1,1,3,1,0
2,4,0,1,0
3,2,4,4,5
4,2,9,1,4
5,3,1,1,1
1,2,0,1,0
2,2,1,0,0
3,0,0,3,0
4,2,0,2,0
5,0,1,1,0
1,1,0,2,0
2,4,16,3,9
3,1,2,0,1
4,3,0,1,0
5,2,1,1,1
1,0,1,2,0
2,6,3,5,6
3,2,0,2,0
4,3,0,2,3
5,4,6,2,9
6,8,0,4,3
7,2,3,3,10
8,4,18,2,17
9,1,1,1,0
10,0,0,4,0
11,2,6,3,4
12,71,572,60,540
13,4,2,0,0
14,0,1,3,1
15,1,0,0,2
16,0,0,2,1
17,2,0,0,1
18,1,5,3,4
19,3,1,3,0
20,4,6,2,5
21,1,0,3,1
22,1,0,2,0
23,2,13,2,14
24,1,1,1,0
25,2,0,1,1
26,3,1,0,0
27,2,5,2,6
28,1,0,2,1
29,1,0,2,0
30,0,1,3,1
31,2,0,1,1
32,1,2,1,0
33,5,0,1,1
34,2,0,1,0
35,2,1,1,0
36,1,1,3,1
37,0,0,2,1
38,1,1,2,1
39,1,0,2,0
40,2,0,0,1
41,0,2,1,0
42,2,2,2,2
43,3,7,1,2
44,0,0,3,0
45,3,9,3,10
46,2,1,3,2
47,2,3,2,1
48,2,4,4,0
49,0,2,1,0
50,3,2,3,4
51,48,102,42,706
52,0,1,3,1
53,0,0,3,0
54,3,0,0,0
55,3,7,0,5
56,1,1,2,0
57,1,0,1,2
58,3,1,1,0
59,3,0,1,1
60,3,0,4,0
61,1,0,2,0
62,1,1,2,0
63,5,1,1,7
64,3,10,2,11
65,3,0,1,2
66,2,2,2,0
67,2,0,1,1
68,1,0,3,1
69,0,18,4,14
70,0,0,2,1
71,1,1,4,1
72,1,5,4,12
73,2,8,4,6
74,1,3,2,2
75,4,7,1,6
76,1,4,2,5
77,0,1,3,0
78,3,5,1,6
79,0,2,1,1
80,2,1,1,1
81,2,4,3,2
82,1,0,3,1
83,1,1,1,1
84,3,13,2,9
85,3,0,3,4
86,2,4,4,2
87,4,2,4,4
88,1,0,1,1
89,1,0,2,0
90,1,2,4,6
91,2,0,2,0
92,3,0,1,0
93,3,3,1,3
94,1,1,2,1
95,5,7,2,4
96,3,1,2,1
97,0,1,2,1
98,4,4,3,4
99,2,2,2,0
100,1,5,4,5
1,1,1,2,0
2,4,1,2,1
3,1,1,4,1
4,1,0,2,1
5,0,0,3,0
6,2,0,0,2
7,1,0,1,2
8,5,10,2,8
9,1,1,0,1
10,1,8,2,3
11,0,1,1,1
12,3,3,2,7
13,1,1,3,0
14,2,1,1,2
15,3,7,3,12
16,3,1,0,0
17,0,2,2,1
18,2,4,3,2
19,2,0,2,0
20,1,1,1,0
21,2,5,4,5
22,3,0,0,0
23,0,4,3,0
24,1,0,2,0
25,2,2,2,2
26,4,11,4,18
27,2,1,5,0
28,0,2,1,0
29,1,0,4,0
30,2,1,1,0
31,2,0,1,1
32,2,3,2,1
33,2,13,8,11
34,2,1,2,0
35,2,1,2,0
36,0,1,1,1
37,2,0,2,0
38,0,1,3,1
39,0,0,4,0
40,0,3,5,9
41,2,0,2,0
42,0,0,1,2
43,2,1,3,0
44,0,0,5,1
45,4,3,1,2
46,1,1,3,1
47,4,5,0,6
48,1,15,3,17
49,6,10,7,7
50,6,2,3,5
51,1,4,2,9
52,1,0,3,0
53,1,17,4,8
54,3,6,1,4
55,1,0,2,0
56,1,1,3,2
57,1,1,2,2
58,2,0,1,0
59,4,10,2,16
60,2,1,1,1
61,2,0,3,0
62,1,0,1,2
63,2,0,1,1
64,1,1,2,1
65,1,1,2,0
66,1,0,3,0
67,1,12,3,12
68,1,0,3,1
69,5,18,3,4
70,4,2,3,1
71,4,25,4,5
72,2,0,2,0
73,1,1,2,0
74,3,6,4,7
75,2,0,0,1
76,3,2,1,7
77,2,4,3,1
78,2,0,1,0
79,0,1,2,0
80,1,0,3,0
81,2,1,1,1
82,1,0,2,1
83,3,5,2,2
84,0,1,2,0
85,1,0,2,0
86,2,16,3,21
87,1,0,2,0
88,2,1,0,1
89,2,6,4,3
90,0,1,3,0
91,2,2,3,0
92,1,0,3,0
93,1,1,4,0
94,2,7,1,9
95,3,5,1,10
96,4,15,2,7
97,4,13,1,20
98,2,1,3,1
99,3,4,2,4
100,1,1,0,1
101,4,17,2,9
102,1,0,0,2
103,1,0,3,0
104,0,1,2,1
105,1,44,4,20
106,0,4,5,8
107,3,1,1,0
108,1,1,2,0
109,3,26,5,25
110,1,2,1,0
111,2,1,3,5
112,4,3,1,10
113,4,5,3,3
114,1,1,1,0
115,0,1,2,0
116,1,0,1,2
117,2,15,3,15
118,1,2,1,0
119,2,0,3,0
120,2,9,2,4
121,1,1,1,1
122,5,11,6,9
123,1,2,1,1
124,1,1,2,0
125,2,0,1,1
126,1,1,2,0
127,2,0,1,1
128,1,1,3,1
129,1,3,2,1
130,0,0,2,2
131,1,1,1,1
132,0,2,4,3
133,2,7,3,1
134,1,3,3,1
135,2,11,2,7
136,7,30,3,23
137,1,5,4,5
138,3,2,4,1
139,2,1,0,0
140,5,29,7,17
141,3,3,4,1
142,0,0,3,2
143,2,0,1,1
144,2,0,1,1
145,1,0,7,1
146,0,3,5,1
147,2,0,3,1
148,2,2,2,3
149,2,0,1,0
150,3,3,3,9
151,4,3,0,0
152,2,5,2,7
153,1,1,2,0
154,2,5,2,4
155,5,2,0,2
156,2,0,2,1
157,2,0,2,0
158,1,1,1,1
159,1,4,2,1
160,2,9,5,7
161,17,87,15,49
162,2,0,3,0
163,0,5,4,2
164,1,3,3,0
165,1,4,4,7
166,2,3,4,9
167,3,0,3,0
168,2,6,6,3
169,4,11,5,3
170,3,0,8,3
171,4,4,2,3
172,2,1,1,1
173,3,4,2,2
174,0,1,1,1
175,0,4,4,9
176,4,8,1,2
177,2,0,3,0
178,1,1,2,0
179,3,1,1,0
180,2,12,3,5
181,1,1,2,1
182,1,0,1,1
183,0,0,1,1
184,0,0,2,1
185,2,1,3,2
186,0,1,3,2
187,1,0,2,0
188,2,0,2,0
189,1,1,1,1
190,2,0,2,0
191,3,3,3,1
192,1,0,1,1
193,3,5,3,5
194,1,0,1,1
195,1,1,0,1
196,2,1,2,1
197,2,0,2,0
198,1,0,1,0
199,1,0,1,0
200,1,2,1,1
201,5,0,1,0
202,2,0,1,0
203,2,1,2,0
204,3,4,4,1
205,1,0,3,0
206,1,8,3,7
207,2,0,2,0
208,2,0,1,1
209,0,1,3,1
210,2,0,1,1
211,1,0,1,1
212,1,0,2,0
213,3,10,2,7
214,1,0,1,1
215,2,0,2,0
216,1,1,3,0
217,3,4,1,7
218,3,1,1,0
219,2,0,1,0
220,0,1,2,0
221,0,1,3,1
222,1,6,4,7
223,1,2,5,1
224,4,0,1,2
225,2,0,1,0
226,0,3,3,0
227,2,0,2,0
228,1,0,2,0
229,1,0,1,1
230,3,8,2,4
231,0,1,2,0
232,5,2,1,1
233,1,4,3,2
234,2,8,4,2
235,2,2,2,3
236,3,2,0,0
237,1,0,2,0
238,0,2,1,1
239,1,1,2,2
240,1,1,4,3
241,3,4,4,13
242,1,3,4,7
243,1,0,3,0
244,2,1,1,0
245,2,0,1,1
246,1,6,4,5
247,0,1,1,1
248,1,1,1,0
249,4,11,2,11
250,1,0,3,0
251,1,2,1,2
252,1,2,1,0
253,1,0,1,1
254,1,1,1,1
255,1,1,2,0
256,1,0,5,0
257,0,0,2,1
258,2,0,2,0
259,1,1,3,0
260,0,0,2,1
261,4,1,2,6
262,1,0,1,2
263,3,0,2,0
264,1,0,4,0
265,2,0,1,0
266,3,3,2,0
267,2,1,0,0
268,0,1,3,0
269,4,13,4,8
270,2,0,2,0
271,1,0,1,1
272,1,1,2,0
273,0,0,3,0
274,3,1,1,0
275,0,1,1,1
276,2,14,3,11
277,1,0,1,1
278,2,1,2,1
279,5,2,1,1
280,2,3,2,1
281,2,1,2,0
282,3,1,1,1
283,2,2,4,2
284,2,1,4,1
285,2,1,2,0
286,1,0,3,2
287,4,0,2,2
288,2,0,2,0
289,4,3,2,2
290,1,0,3,0
291,2,1,1,3
292,0,3,3,0
293,3,2,3,1
294,2,1,2,0
295,2,0,2,0
296,1,12,3,6
297,1,0,2,0
298,2,3,1,1
299,1,0,2,0
300,1,2,4,2
301,3,4,0,7
302,2,1,1,0
303,2,1,1,1
304,10,103,5,13
305,2,3,3,1
306,1,2,1,0
307,0,26,4,10
308,1,6,2,2
309,2,20,7,7
310,0,2,1,0
311,0,0,2,1
312,2,0,0,0
313,9,32,10,20
314,0,0,3,0
315,8,24,6,12
316,1,0,2,3
317,3,2,6,1
318,1,0,3,3
319,1,1,2,2
320,2,1,2,2
321,0,2,2,0
322,4,4,3,1
323,2,3,2,4
324,2,0,2,1
325,3,3,2,4
326,2,0,2,0
327,1,0,3,0
328,0,1,4,0
329,1,3,4,2
330,1,1,2,0
331,3,0,0,0
332,0,1,1,0
333,4,8,0,7
334,2,2,3,1
335,1,1,3,0
336,0,5,4,4
337,1,3,3,3
338,4,0,2,0
339,1,0,2,1
340,2,0,1,0
341,1,0,3,0
342,1,0,3,0
343,1,0,1,1
344,1,1,1,1
345,2,2,2,0
346,2,0,3,0
347,0,0,3,2
348,3,4,2,4
349,2,1,2,0
350,3,1,3,0
351,1,1,3,1
352,1,3,4,5
353,3,0,1,1
354,2,2,3,1
355,1,2,3,8
356,5,7,6,3
357,1,0,5,0
358,2,1,2,1
359,4,1,4,3
360,3,0,0,1
361,0,0,3,0
362,3,0,0,0
363,1,0,3,1
364,4,3,1,2
365,4,0,0,0
366,0,2,1,0
367,2,9,2,0
368,0,0,4,0
369,1,0,2,0
370,3,4,1,4
371,1,1,1,1
372,2,4,2,7
373,0,2,4,6
374,0,0,4,1
375,1,3,1,0
376,1,0,3,0
377,5,0,0,1
378,2,5,3,4
379,2,5,2,6
380,2,0,2,2
381,2,0,2,1
382,2,0,2,2
383,3,0,1,0
384,2,3,6,2
385,2,0,1,1
386,4,2,2,0
387,4,0,1,1
388,2,0,2,0
389,0,1,2,0
390,1,4,3,6
391,1,1,2,0
392,3,10,3,10
393,3,0,2,1
394,1,0,3,0
395,2,1,1,0
396,1,3,3,0
397,0,1,3,1
398,1,1,2,0
399,1,3,2,2
400,3,0,3,1
1,1,8,5,14
2,1,0,4,0
3,2,1,4,1
4,2,2,2,0
5,2,1,1,0
6,2,4,3,5
7,0,0,4,0
8,2,1,3,5
9,3,0,0,0
10,5,0,1,0
11,1,6,2,1
12,0,2,1,1
13,0,0,4,3
14,2,1,2,1
15,2,15,6,19
16,2,5,2,10
17,0,0,4,1
18,0,1,2,1
19,3,0,3,0
20,1,1,1,0
21,4,1,0,10
22,1,2,3,0
23,2,3,3,10
24,2,8,4,17
25,1,7,3,13
26,2,0,1,0
27,3,0,1,0
28,1,1,2,0
29,2,2,2,7
30,0,0,3,1
31,5,1,2,1
32,1,0,2,0
33,6,4,4,3
34,3,4,2,20
35,0,1,3,1
36,2,1,1,1
37,2,1,2,11
38,3,0,2,1
39,2,4,3,5
40,1,1,3,1
41,3,35,3,34
42,3,0,1,1
43,1,1,2,1
44,3,0,2,0
45,0,1,2,1
46,1,1,2,0
47,7,7,3,11
48,1,1,1,1
49,2,1,0,0
50,2,4,2,11
51,2,0,2,0
52,3,0,0,0
53,3,0,1,0
54,1,2,1,1
55,1,4,2,2
56,2,1,2,4
57,1,0,2,0
58,3,7,2,5
59,1,0,2,0
60,1,0,5,1
61,1,1,2,0
62,1,2,0,0
63,4,25,4,16
64,3,13,4,18
65,0,4,3,2
66,2,1,3,1
67,6,2,3,3
68,3,0,2,5
69,5,6,0,10
70,5,9,1,15
71,3,1,2,3
72,4,17,4,13
73,3,4,2,10
74,1,1,2,0
75,5,14,3,18
76,2,6,7,6
77,2,0,0,1
78,4,0,0,0
79,3,2,3,3
80,0,0,2,1
81,1,0,3,0
82,1,14,3,11
83,2,1,1,1
84,6,5,2,7
85,2,0,2,0
86,1,1,2,0
87,3,3,1,1
88,2,0,1,0
89,2,5,3,4
90,6,1,2,1
91,2,0,3,0
92,3,3,1,2
93,3,1,0,0
94,2,0,1,1
95,3,8,4,9
96,3,5,1,4
97,1,4,3,12
98,2,12,3,5
99,2,1,0,0
100,6,2,3,4
101,0,2,4,0
102,0,4,4,9
103,3,1,3,3
104,2,14,4,24
105,3,0,1,0
106,1,1,4,0
107,2,1,0,0
108,2,5,2,10
109,3,3,3,3
110,1,1,3,1
111,5,12,9,16
112,2,0,3,0
113,1,1,2,0
114,4,17,2,11
115,1,0,2,0
116,2,2,2,1
117,4,2,3,0
118,2,0,1,1
119,2,5,3,4
120,1,2,3,2
121,2,2,3,2
122,2,2,1,1
123,2,0,1,0
124,2,1,1,0
125,0,0,2,1
126,1,0,3,2
127,0,1,2,1
128,4,3,2,1
129,1,1,2,0
130,2,0,2,0
131,0,2,3,0
132,0,1,3,1
133,1,13,3,18
134,3,0,2,0
135,1,0,2,0
136,0,1,2,0
137,0,2,2,1
138,2,1,1,0
139,1,3,2,4
140,1,1,3,12
141,0,0,1,2
142,5,3,6,7
143,0,0,2,1
144,1,1,1,0
145,3,5,2,4
146,1,1,1,1
147,18,44,15,261
148,3,16,2,24
149,2,1,2,2
150,3,0,1,0
151,2,0,1,0
152,1,1,1,0
153,0,0,2,1
154,3,0,2,0
155,3,0,3,6
156,4,0,0,0
157,3,9,1,15
158,4,6,4,8
159,0,3,4,0
160,0,0,2,1
161,2,0,3,0
162,3,0,0,1
163,4,6,2,7
164,0,2,4,12
165,2,1,1,0
166,1,0,2,1
167,2,1,1,0
168,0,0,2,1
169,3,1,0,0
170,2,1,4,5
171,5,0,1,3
172,1,0,2,1
173,2,3,2,12
174,3,0,1,0
175,3,0,3,3
176,2,0,1,0
177,2,1,2,3
178,0,2,4,0
179,5,0,3,1
180,2,0,0,1
181,3,0,1,0
182,2,4,2,7
183,4,3,2,1
184,1,2,2,2
185,1,0,3,0
186,7,6,7,5
187,3,4,3,7
188,2,1,1,0
189,1,1,2,1
190,4,4,3,13
191,1,1,3,3
192,4,1,1,1
193,2,0,4,1
194,0,0,2,1
195,2,9,2,9
196,1,0,2,1
197,3,2,4,2
198,2,3,4,10
199,4,0,2,0
200,1,0,4,3
201,2,1,2,1
202,2,5,5,6
203,1,0,3,1
204,0,0,3,0
205,0,1,2,0
206,3,0,0,0
207,35,34,30,484
208,3,2,3,3
209,1,1,2,1
210,5,0,0,2
211,0,0,2,1
212,1,0,2,1
213,3,11,1,14
214,3,1,2,0
215,1,5,2,3
216,3,0,1,0
217,4,15,0,30
218,2,0,1,0
219,2,0,0,1
220,0,0,2,1
221,3,0,2,0
222,1,1,1,0
223,4,4,4,5
224,1,1,5,2
225,0,1,2,1
226,2,1,0,0
227,3,1,1,2
228,3,1,1,0
229,2,1,1,4
230,2,0,2,0
231,4,15,3,13
232,2,3,2,1
233,2,0,1,0
234,1,3,1,1
235,2,9,3,14
236,1,0,1,1
237,1,0,1,1
238,4,3,1,2
239,3,1,2,1
240,0,5,4,7
241,1,0,1,2
242,2,10,2,10
243,1,1,1,1
244,3,1,5,3
245,2,0,1,2
246,1,2,3,5
247,2,1,3,11
248,6,7,2,17
249,2,2,3,1
250,2,0,4,1
251,1,2,1,0
252,5,1,0,12
253,3,0,0,1
254,3,5,2,3
255,3,3,2,4
256,4,4,2,3
257,1,5,6,1
258,3,2,2,0
259,0,1,3,0
260,4,0,0,0
261,2,0,0,2
262,1,0,3,1
263,3,2,2,10
264,2,1,2,0
265,1,4,3,4
266,1,1,4,0
267,3,0,1,1
268,2,0,2,1
269,2,0,3,0
270,2,2,2,0
271,1,1,2,0
272,1,0,3,0
273,2,1,2,2
274,2,3,3,11
275,3,1,1,1
276,2,3,1,4
277,1,16,3,7
278,1,9,5,4
279,1,2,5,1
280,1,8,2,7
281,1,1,1,1
282,2,1,0,1
283,3,0,2,0
284,1,7,3,3
285,2,2,2,5
286,2,0,1,1
287,1,12,3,7
288,4,0,2,1
289,1,8,3,8
290,1,1,5,0
291,2,3,2,4
292,2,2,2,1
293,1,0,2,2
294,1,0,4,0
295,1,2,5,2
296,2,0,1,2
297,2,5,2,5
298,1,10,4,5
299,3,4,3,4
300,2,2,2,3
301,0,3,4,2
302,3,2,2,3
303,3,0,0,0
304,3,0,2,0
305,1,2,3,1
306,1,0,3,0
307,3,2,6,6
308,5,4,3,2
309,3,10,4,23
310,3,1,2,1
311,3,13,2,20
312,2,8,3,4
313,1,1,0,1
314,3,1,3,2
315,4,4,2,10
316,1,1,0,1
317,2,0,1,0
318,3,0,2,0
319,2,0,2,0
320,3,5,5,10
321,2,4,2,8
322,0,1,1,1
323,1,0,3,1
324,2,0,3,0
325,2,1,2,1
326,0,0,4,0
327,1,0,1,2
328,2,0,5,5
329,2,1,1,0
330,1,2,1,0
331,1,0,2,0
332,0,0,2,1
333,0,0,4,0
334,2,8,4,4
335,0,1,1,2
336,1,1,3,1
337,2,0,2,0
338,1,10,3,14
339,0,1,2,0
340,1,1,1,1
341,0,6,3,7
342,2,0,1,1
343,1,0,2,0
344,1,9,4,9
345,2,0,3,0
346,0,0,1,2
347,2,1,1,0
348,2,2,1,4
349,1,1,2,0
350,2,0,1,0
351,0,1,2,0
352,2,0,1,1
353,1,4,3,3
354,9,9,4,12
355,2,27,3,31
356,0,2,1,0
357,0,1,0,1
358,1,0,2,0
359,0,1,1,1
360,1,1,1,0
361,1,0,3,1
362,1,1,2,0
363,3,1,2,0
364,0,1,3,0
365,1,5,3,3
366,4,0,1,1
367,1,1,2,2
368,2,2,0,0
369,1,0,2,0
370,1,2,3,6
371,2,0,1,0
372,3,7,2,12
373,3,6,1,10
374,0,1,2,0
375,0,2,1,1
376,3,16,3,19
377,3,10,1,13
378,3,9,5,16
379,6,19,6,28
380,0,0,3,1
381,3,0,3,0
382,2,0,1,1
383,3,6,3,5
384,0,0,4,0
385,1,1,1,0
386,2,1,1,0
387,2,4,3,8
388,0,1,3,0
389,1,0,1,0
390,0,1,2,0
391,1,0,3,0
392,1,0,0,3
393,2,0,2,0
394,2,5,2,8
395,2,4,2,8
396,3,1,1,2
397,2,2,3,5
398,0,2,2,0
399,2,0,1,0
400,0,0,1,2
1,2,0,0,1
1,0,0,2,2
1,2,0,2,0
1,0,1,2,0
1,0,0,2,1
2,0,2,1,0
3,0,5,4,6
4,2,1,0,0
5,4,12,5,9
6,1,0,1,2
7,4,4,2,5
8,1,5,5,7
9,1,1,1,0
10,1,1,1,1
1,3,1,2,0
2,0,0,1,1
1,3,0,0,1
1,0,0,1,2
1,2,2,2,1
1,0,3,6,1
1,1,6,3,3
1,2,2,2,1
1,2,2,2,3
1,4,1,4,1
1,3,1,0,2
1,3,1,3,2
1,1,1,4,1
1,3,3,2,2
2,4,2,3,3
3,3,1,3,4
4,2,2,6,1
5,12,27,9,16
6,1,2,5,3
7,19,211,15,23
8,3,1,3,2
9,1,5,4,0
10,8,9,4,6
11,14,20,17,16
12,1,3,4,1
13,2,13,11,8
14,313,5350,331,319
15,2,2,3,2
16,3,5,2,1
17,6,8,6,11
18,3,26,12,12
19,4,2,0,2
20,3,2,4,1
21,6,3,3,1
22,8,28,4,11
23,6,12,3,4
24,10,7,6,4
25,2,3,3,0
26,7,4,2,1
27,4,15,4,6
28,5,10,8,8
29,9,1,3,2
30,9,11,5,7
31,6,11,7,12
32,5,12,6,8
33,5,3,2,2
34,6,8,4,10
35,6,6,5,9
36,1,5,1,2
37,4,3,6,2
38,6,10,10,6
39,3,12,6,5
40,6,10,7,4
41,5,9,5,10
42,6,4,6,0
43,2,15,7,5
44,3,10,7,4
45,3,5,5,3
46,2,1,3,0
47,2,3,7,3
48,4,4,3,0
49,7,8,6,6
50,17,18,10,13
51,6,6,3,4
52,2,1,3,1
53,3,2,3,1
54,4,1,4,2
55,2,3,5,1
56,5,5,5,2
57,4,4,3,0
58,8,18,6,9
59,3,3,1,2
60,2,2,4,2
61,6,6,9,8
62,3,2,4,2
63,3,1,1,2
64,3,12,6,10
65,1,1,6,1
66,5,0,3,1
67,8,6,9,7
68,11,10,9,10
69,3,1,4,2
70,6,13,7,5
71,5,2,7,2
72,1,7,8,7
73,6,0,2,3
74,2,3,5,4
75,3,2,4,3
76,5,6,6,4
77,1,3,5,2
78,6,15,5,6
79,3,3,2,0
80,5,6,7,6
81,7,28,6,21
82,7,12,7,15
83,3,2,4,2
84,8,1,2,0
85,3,13,7,12
86,6,5,3,4
87,3,3,5,3
88,5,6,4,2
89,3,3,3,1
90,3,1,2,3
91,3,3,3,3
92,4,2,3,0
93,7,6,8,5
94,49,605,30,54
95,1,5,5,1
96,3,4,1,4
97,6,3,2,3
98,6,6,8,8
99,3,2,11,5
100,5,3,3,3
1,2,0,2,2
2,3,1,3,0
3,1,2,7,0
4,8,1,7,0
5,3,1,1,0
6,8,15,6,23
7,6,13,4,6
8,4,1,2,2
9,4,0,3,0
10,10,9,11,9
11,13,21,12,8
12,13,11,12,12
13,3,1,8,2
14,3,6,11,11
15,3,1,7,2
16,3,0,2,0
17,4,1,2,2
18,3,0,2,0
19,3,1,4,0
20,17,25,19,8
21,5,2,6,2
22,3,4,2,1
23,6,24,7,10
24,7,15,11,11
25,1,2,3,2
26,8,11,10,9
27,12,8,6,6
28,6,0,6,2
29,4,5,5,2
30,1,1,5,1
31,1,0,4,0
32,14,6,8,8
33,3,0,3,1
34,9,18,8,9
35,3,2,1,0
36,3,2,2,0
37,5,0,2,0
38,2,0,3,0
39,10,10,7,6
40,1,3,0,2
41,6,4,6,1
42,2,1,6,1
43,4,3,3,0
44,8,13,8,13
45,5,3,6,0
46,11,14,5,4
47,11,7,4,6
48,2,3,1,1
49,5,2,6,1
50,10,5,11,20
51,2,1,3,1
52,6,1,0,2
53,2,5,1,2
54,4,3,6,1
55,13,6,6,5
56,6,3,8,4
57,3,0,2,1
58,17,10,5,10
59,3,5,3,5
60,2,0,2,2
61,5,1,2,1
62,3,1,2,0
63,4,0,4,0
64,2,1,2,0
65,17,24,18,20
66,4,1,0,0
67,4,0,3,2
68,10,6,6,8
69,3,2,3,0
70,9,5,5,1
71,2,1,4,2
72,8,10,5,5
73,5,6,8,10
74,5,2,9,4
75,1,3,1,2
76,8,1,3,1
77,12,10,12,8
78,0,4,13,4
79,2,1,1,1
80,11,9,8,12
81,5,6,7,3
82,3,1,2,3
83,13,21,11,8
84,3,0,3,0
85,2,0,2,2
86,7,7,4,12
87,4,4,4,4
88,2,0,4,2
89,10,4,5,9
90,4,0,1,0
91,3,2,1,3
92,16,17,14,14
93,7,0,6,4
94,8,4,3,6
95,6,0,0,1
96,1,2,3,1
97,1,4,2,1
98,7,0,3,3
99,8,1,3,2
100,6,2,0,0
1,14,22,13,21
2,5,1,2,1
3,7,7,9,8
4,5,1,4,1
5,4,1,2,0
6,9,12,3,15
7,6,1,4,6
8,4,2,2,2
9,3,2,3,0
10,6,1,5,1
11,5,2,3,3
12,6,1,4,1
13,6,18,8,3
14,7,1,14,3
15,4,1,3,0
16,1,3,6,1
17,2,2,5,3
18,7,7,6,13
19,6,3,3,7
20,9,10,7,11
21,6,0,2,1
22,7,8,5,12
23,4,1,2,2
24,8,4,2,1
25,2,2,0,1
26,1,5,3,3
27,17,60,8,50
28,4,4,7,5
29,8,12,5,10
30,5,1,2,0
31,12,12,6,18
32,5,3,5,5
33,7,11,7,8
34,3,3,5,5
35,4,0,11,2
36,14,9,8,12
37,7,7,7,26
38,7,7,7,8
39,8,9,6,6
40,6,9,6,16
41,3,1,1,1
42,1,0,4,0
43,7,1,0,0
44,4,2,4,0
45,3,1,2,0
46,9,8,8,8
47,1,2,2,1
48,19,6,9,9
49,5,6,7,5
50,10,7,7,9
51,6,1,2,1
52,3,1,1,1
53,5,1,0,1
54,3,2,4,1
55,5,2,6,3
56,4,1,2,3
57,12,7,14,9
58,8,8,7,19
59,2,0,3,2
60,2,0,3,1
61,1,2,2,1
62,3,2,3,0
63,5,3,4,5
64,4,0,1,1
65,17,8,14,14
66,6,0,2,3
67,10,12,3,11
68,1,1,2,2
69,8,1,1,2
70,14,19,6,12
71,9,13,6,18
72,4,2,1,3
73,19,16,10,26
74,4,0,2,1
75,3,1,0,0
76,4,0,0,0
77,3,4,2,0
78,5,1,4,1
79,3,2,2,0
80,8,4,0,1
81,6,1,2,0
82,14,11,6,15
83,5,3,4,3
84,5,0,2,2
85,12,19,5,30
86,6,1,4,0
87,5,3,5,1
88,4,2,1,2
89,12,16,7,11
90,6,9,8,21
91,11,4,5,13
92,7,3,4,1
93,3,1,3,1
94,12,6,1,10
95,19,48,14,31
96,5,0,2,0
97,10,10,4,11
98,3,1,2,3
99,5,0,1,2
100,14,13,4,10
1,5,5,4,1
2,10,10,5,6
3,3,1,1,6
4,3,2,2,5
5,4,4,3,2
6,14,9,7,11
7,10,6,6,7
8,4,5,0,1
9,10,21,7,28
10,7,2,5,3
11,14,18,6,22
12,1,3,3,1
13,2,5,4,3
14,15,97,18,71
15,4,3,1,1
16,4,4,1,2
17,9,17,6,9
18,7,1,2,2
19,14,11,1,16
20,16,11,4,8
21,10,11,5,11
22,2,3,3,1
23,7,6,12,12
24,4,5,2,2
25,5,3,8,5
26,8,3,2,3
27,9,11,6,13
28,2,9,4,6
29,4,4,0,2
30,11,5,6,5
31,6,5,9,9
32,2,2,1,3
33,12,7,6,8
34,7,17,9,13
35,4,9,6,4
36,6,2,1,1
37,12,11,9,11
38,10,4,10,12
39,7,14,11,15
40,15,8,3,11
41,4,8,10,6
42,10,5,7,6
43,4,2,0,2
44,5,3,3,3
45,13,15,5,7
46,8,1,3,4
47,6,5,2,4
48,7,1,2,2
49,7,4,3,2
50,4,2,2,2
51,10,13,5,4
52,7,4,9,11
53,43,106,23,65
54,13,0,5,3
55,7,3,1,1
56,11,15,8,14
57,5,4,11,6
58,5,5,7,4
59,11,6,0,7
60,8,4,3,4
61,4,3,2,2
62,2,3,3,3
63,7,4,1,2
64,8,7,7,6
65,12,14,6,5
66,10,4,11,13
67,7,5,5,2
68,13,4,6,1
69,11,2,6,5
70,2,1,3,3
71,12,9,7,6
72,12,4,2,3
73,5,0,2,3
74,9,2,5,4
75,8,5,3,2
76,6,3,1,1
77,6,3,5,1
78,12,13,5,7
79,6,4,8,7
80,5,8,2,1
81,7,5,5,5
82,8,9,8,14
83,11,7,8,6
84,4,2,6,2
85,4,2,2,2
86,8,7,6,6
87,7,5,3,0
88,8,9,7,11
89,11,13,7,13
90,4,4,3,0
91,3,1,2,3
92,18,15,7,17
93,6,10,7,5
94,6,3,3,0
95,10,14,9,17
96,10,17,11,7
97,9,21,6,4
98,6,5,7,10
99,10,3,4,0
100,7,6,5,4
1,9,13,8,9
2,9,2,2,4
3,4,3,4,2
4,8,4,1,5
5,9,5,2,6
6,9,5,2,3
7,7,5,4,7
8,7,7,3,6
9,2,2,6,5
10,4,6,4,3
11,8,10,2,7
12,1,6,6,6
13,2,7,6,7
14,6,5,6,6
15,5,12,5,8
16,3,4,4,4
17,3,1,5,7
18,6,7,3,4
19,3,7,5,7
20,4,3,4,9
21,6,3,4,8
22,3,4,6,7
23,6,2,2,7
24,7,12,1,15
25,6,8,5,11
26,10,10,0,7
27,8,7,3,12
28,4,8,4,14
29,8,6,2,11
30,7,2,2,6
31,6,7,3,11
32,10,13,1,10
33,4,12,7,5
34,6,4,4,5
35,6,6,4,6
36,5,3,5,8
37,4,7,5,10
38,7,12,3,6
39,3,30,5,27
40,4,24,4,21
41,5,26,4,16
42,6,2,3,4
43,3,7,6,12
44,1,21,7,16
45,3,10,4,20
46,9,57,7,15
47,4,16,4,8
48,6,46,7,24
49,6,27,5,16
50,7,5,5,8
51,7,14,4,10
52,6,9,3,12
53,6,10,4,7
54,2,9,6,10
55,4,17,4,9
56,6,12,3,15
57,5,3,4,6
58,4,13,6,13
59,7,6,5,6
60,9,18,4,5
61,8,4,4,5
62,1,1,6,3
63,3,5,6,7
64,3,42,6,17
65,3,25,7,13
66,5,15,4,10
67,4,8,4,2
68,4,14,5,6
69,9,2,2,7
70,4,10,4,15
71,6,15,4,8
72,5,4,4,5
73,5,8,5,13
74,5,4,4,9
75,6,9,3,7
76,6,4,2,5
77,5,4,3,3
78,8,8,2,10
79,6,10,2,13
80,8,7,2,6
81,6,14,2,9
82,9,13,2,12
83,7,6,3,6
84,8,10,1,13
85,6,19,3,20
86,6,2,2,6
87,5,14,4,17
88,4,3,6,10
89,7,3,2,4
90,7,6,6,13
91,5,17,5,18
92,7,4,1,13
93,9,11,5,3
94,4,1,5,1
95,4,12,6,7
96,5,29,3,20
97,4,2,4,9
98,5,4,2,10
99,7,1,3,6
100,5,28,3,19
1,6,13,4,12
2,8,8,0,8
3,6,8,4,7
4,5,27,3,14
5,7,9,1,4
6,7,2,1,5
7,7,10,4,5
8,6,3,3,9
9,5,5,2,5
10,4,2,5,1
11,5,3,5,4
12,3,12,6,11
13,8,4,1,4
14,4,5,6,3
15,8,2,1,13
16,2,16,7,14
17,4,7,5,8
18,7,43,2,28
19,4,14,5,10
20,3,1,5,2
21,2,9,6,19
22,3,11,5,8
23,6,8,3,5
24,7,15,1,29
25,2,16,6,10
26,4,10,7,21
27,1,16,8,39
28,5,12,3,21
29,5,6,5,15
30,5,3,3,7
31,6,8,2,18
32,7,10,2,11
33,7,2,2,8
34,5,9,5,28
35,4,8,5,11
36,5,3,6,9
37,7,3,5,14
38,7,5,2,17
39,7,8,2,24
40,6,2,3,5
41,4,9,4,28
42,5,11,4,27
43,8,4,3,17
44,5,6,3,11
45,5,7,7,22
46,7,2,3,23
47,6,3,2,20
48,8,4,2,13
49,3,5,8,15
50,6,9,3,20
51,0,8,8,24
52,6,5,3,40
53,7,10,4,48
54,4,6,4,6
55,4,11,5,51
56,5,2,3,21
57,5,5,4,18
58,3,6,5,9
59,5,6,4,28
60,5,12,4,33
61,5,2,3,6
62,6,24,3,36
63,5,6,3,29
64,6,5,4,16
65,4,7,6,15
66,6,6,2,27
67,0,4,8,23
68,5,4,5,10
69,5,18,3,38
70,6,13,3,22
71,7,8,2,19
72,8,9,1,27
73,3,20,5,56
74,6,7,3,22
75,6,8,3,28
76,4,11,5,17
77,7,2,2,10
78,5,8,5,36
79,6,13,5,28
80,5,6,3,23
81,3,6,5,21
82,2,3,7,20
83,4,16,4,22
84,5,5,4,19
85,6,16,2,45
86,7,5,4,19
87,5,13,3,20
88,8,10,2,15
89,10,16,3,10
90,3,16,9,27
91,2,8,6,9
92,8,29,2,21
93,5,22,3,30
94,7,3,2,11
95,2,9,6,14
96,5,8,3,9
97,4,15,4,11
98,9,15,3,14
99,6,15,4,24
100,4,7,5,11
1,3,40,5,20
2,5,13,3,20
3,6,13,4,6
4,5,8,4,11
5,7,8,3,8
6,4,7,4,7
7,6,28,5,17
8,4,26,3,22
9,3,10,4,18
10,5,4,2,3
11,6,18,2,21
12,3,5,8,14
13,4,44,6,32
14,4,21,6,10
15,4,14,5,12
16,5,16,5,18
17,4,3,4,5
18,1,16,7,13
19,7,6,2,10
20,3,8,5,3
21,7,33,3,23
22,2,11,6,12
23,7,12,2,11
24,5,4,4,3
25,7,22,1,17
26,5,7,3,18
27,3,24,5,32
28,4,29,4,42
29,6,25,4,22
30,5,20,3,17
31,3,50,7,37
32,5,11,3,15
33,4,16,3,16
34,5,4,4,3
35,6,9,3,11
36,1,6,7,8
37,2,7,6,12
38,2,5,6,6
39,7,26,2,29
40,5,14,4,26
41,4,5,4,22
42,5,4,5,9
43,6,12,3,22
44,6,7,7,2
45,2,5,5,3
46,2,11,5,18
47,4,13,4,16
48,7,5,3,8
49,4,13,4,8
50,4,4,4,8
51,4,11,4,19
52,4,7,5,18
53,6,6,5,13
54,6,19,4,23
55,4,12,3,15
56,4,20,4,27
57,6,11,2,16
58,5,9,3,16
59,3,9,4,3
60,4,30,4,22
61,7,28,1,17
62,7,18,4,20
63,2,7,6,9
64,6,5,2,9
65,5,27,3,14
66,3,14,4,13
67,2,6,5,17
68,9,12,1,19
69,7,10,1,8
70,4,5,4,9
71,3,15,4,22
72,5,11,2,17
73,5,8,3,8
74,5,12,7,7
75,6,14,2,4
76,7,17,1,13
77,3,8,7,8
78,5,10,2,2
79,4,18,3,14
80,7,9,1,8
81,4,9,5,9
82,3,25,5,19
83,4,6,5,6
84,4,38,8,11
85,5,9,2,4
86,2,7,5,10
87,8,22,1,15
88,4,6,3,8
89,8,16,2,8
90,6,18,2,14
91,4,12,5,13
92,9,27,1,12
93,4,22,5,13
94,5,37,4,14
95,10,47,3,14
96,5,11,3,15
97,3,6,4,5
98,6,24,2,12
99,7,12,3,4
100,5,17,3,11
1,4,1,1,3
2,2,3,5,4
3,0,4,0,4
4,3,2,3,1
5,10,18,3,3
6,3,2,4,3
7,0,3,5,2
8,5,9,7,10
9,0,3,1,1
10,6,22,6,28
11,3,3,1,1
12,0,3,3,4
13,1,4,2,3
14,4,5,3,7
15,7,34,6,37
16,5,1,2,3
17,9,8,5,11
18,9,27,6,14
19,4,3,0,1
20,8,2,3,1
21,7,26,5,10
22,2,3,0,2
23,5,9,6,6
24,4,2,1,2
25,5,23,6,8
26,2,3,3,2
27,8,11,2,11
28,6,6,5,6
29,3,1,4,2
30,7,10,2,11
31,3,4,4,5
32,18,247,26,25
33,1,3,2,1
34,5,1,2,3
35,6,2,2,1
36,9,8,6,9
37,1,3,4,2
38,4,1,3,3
39,0,3,7,4
40,4,2,2,1
41,6,3,3,8
42,7,4,3,5
43,7,3,2,2
44,5,2,2,1
45,7,5,6,5
46,3,3,2,1
47,2,6,1,1
48,5,25,6,26
49,4,2,6,4
50,13,8,7,9
51,7,11,9,4
52,6,4,2,2
53,3,4,3,0
54,2,3,2,2
55,10,7,5,1
56,3,5,3,0
57,3,2,2,1
58,5,1,4,0
59,7,8,10,13
60,4,6,6,8
61,4,3,3,3
62,3,16,10,17
63,1,3,3,2
64,6,15,4,22
65,4,9,7,12
66,10,15,4,21
67,10,3,1,2
68,2,3,1,3
69,7,14,6,10
70,4,3,0,2
71,11,14,7,17
72,2,4,5,5
73,5,12,7,8
74,1,4,4,1
75,5,4,5,9
76,4,0,1,2
77,10,4,2,10
78,3,2,1,2
79,2,1,4,4
80,9,44,2,22
81,5,6,4,3
82,4,0,7,6
83,11,59,6,22
84,4,7,4,3
85,7,9,4,3
86,5,2,2,3
87,3,1,7,3
88,19,31,11,26
89,12,17,3,15
90,7,0,2,1
91,4,5,3,4
92,28,154,19,75
93,2,4,3,3
94,5,16,4,13
95,5,1,4,0
96,6,2,3,1
97,7,0,1,1
98,10,6,7,5
99,6,18,5,21
100,4,13,5,6
1,2,3,1,1
2,5,3,5,1
3,9,7,2,16
4,1,4,1,2
5,7,2,2,2
6,8,10,7,13
7,8,6,3,2
8,5,1,4,0
9,4,1,4,2
10,9,30,3,21
11,7,27,6,24
12,6,4,2,1
13,7,3,1,1
14,7,57,5,30
15,4,5,1,4
16,10,42,10,29
17,2,32,9,25
18,5,37,10,38
19,2,3,1,1
20,20,26,13,19
21,7,2,3,2
22,4,8,5,14
23,13,12,11,21
24,5,37,6,27
25,4,5,7,2
26,6,3,5,2
27,2,3,3,2
28,4,37,8,33
29,5,0,2,2
30,5,54,8,41
31,5,4,3,5
32,7,9,10,8
33,4,1,5,2
34,3,3,1,2
35,2,2,2,3
36,6,15,11,15
37,10,125,18,103
38,5,2,1,3
39,43,1146,48,227
40,5,15,5,15
41,15,73,7,63
42,11,19,7,33
43,3,34,7,38
44,3,3,5,3
45,11,8,4,10
46,2,3,3,2
47,6,5,3,1
48,9,2,4,8
49,6,8,5,15
50,9,10,5,12
51,10,31,8,15
52,16,52,26,38
53,12,41,7,42
54,2,2,3,3
55,8,5,1,6
56,2,5,5,1
57,5,4,3,1
58,6,2,2,3
59,9,4,11,18
60,3,26,8,20
61,6,3,4,3
62,8,5,2,1
63,6,13,6,9
64,6,18,4,24
65,3,5,2,3
66,4,7,7,11
67,3,0,4,1
68,3,1,3,1
69,2,2,2,2
70,1,3,0,1
71,5,4,1,2
72,7,18,4,21
73,6,12,4,9
74,4,4,0,1
75,8,17,3,11
76,5,3,1,2
77,4,6,2,1
78,6,7,6,5
79,12,14,3,18
80,9,2,5,3
81,4,1,1,2
82,15,20,5,19
83,4,2,2,5
84,2,4,4,4
85,9,3,2,1
86,3,2,4,3
87,10,6,4,5
88,7,12,6,11
89,4,2,0,3
90,1,1,2,2
91,6,1,0,0
92,8,19,6,22
93,6,6,8,11
94,3,1,2,3
95,5,3,2,5
96,9,4,3,3
97,4,3,2,2
98,1,0,2,2
99,4,3,0,1
100,6,1,5,2
1,5,2,1,0
2,3,3,2,0
3,9,13,9,15
4,10,7,4,3
5,4,15,6,10
6,7,5,3,14
7,5,4,4,2
8,6,2,3,3
9,6,0,2,4
10,7,0,0,3
11,2,3,3,1
12,4,4,2,4
13,3,6,1,5
14,5,3,4,1
15,9,6,2,9
16,12,4,5,2
17,4,3,0,0
18,7,3,0,0
19,9,17,10,15
20,4,0,3,3
21,4,2,2,2
22,6,11,3,10
23,3,1,3,1
24,4,2,7,3
25,5,2,0,2
26,6,5,3,3
27,4,1,2,2
28,1,2,4,4
29,9,2,3,2
30,159,231,194,6348
31,86,130,79,2789
32,5,2,1,1
33,44,121,55,1701
34,12,9,12,15
35,6,1,2,2
36,7,1,3,3
37,5,3,4,3
38,1,4,1,3
39,5,1,3,0
40,4,3,5,1
41,12,1,5,5
42,5,4,4,1
43,6,14,5,21
44,3,3,4,2
45,4,4,4,6
46,5,42,4,36
47,8,12,4,21
48,2,2,7,1
49,10,3,9,4
50,3,1,3,5
51,5,0,2,3
52,3,1,3,1
53,1,1,4,3
54,14,8,4,9
55,47,103,50,1179
56,11,20,8,20
57,4,3,1,1
58,7,16,5,13
59,3,3,2,2
60,7,4,6,8
61,36,87,41,907
62,11,41,3,55
63,12,13,3,7
64,6,11,5,10
65,11,8,5,5
66,3,3,6,5
67,7,0,4,2
68,6,14,5,8
69,7,0,4,0
70,6,2,3,3
71,6,19,5,19
72,12,23,3,18
73,10,2,2,6
74,6,2,2,3
75,11,5,5,22
76,13,24,6,14
77,9,15,7,17
78,3,4,1,1
79,8,7,8,3
80,9,9,1,22
81,15,3,6,7
82,8,7,0,9
83,4,2,3,3
84,4,2,2,3
85,12,13,3,9
86,5,1,2,2
87,6,12,3,14
88,4,1,3,3
89,9,23,9,28
90,3,26,7,25
91,7,5,0,1
92,5,1,3,0
93,5,20,5,20
94,10,10,5,15
95,5,9,5,19
96,4,2,3,3
97,8,14,4,23
98,12,30,11,23
99,4,5,3,1
100,6,3,3,4
1,3,5,4,1
2,4,3,2,1
3,3,4,7,3
4,6,14,6,17
5,5,1,2,5
6,5,26,3,17
7,11,96,3,65
8,3,3,2,1
9,45,1220,49,77
10,7,1,0,1
11,9,33,8,18
12,2,17,6,23
13,8,12,7,12
14,7,6,4,8
15,2,1,2,3
16,6,58,12,51
17,7,3,1,4
18,15,24,9,40
19,4,2,2,2
20,5,27,5,29
21,4,2,2,0
22,6,4,4,18
23,6,2,1,2
24,4,4,1,5
25,2,0,3,2
26,2,5,0,2
27,11,25,6,26
28,12,17,9,25
29,5,18,8,24
30,4,3,6,2
31,5,37,7,17
32,6,19,5,24
33,10,33,12,39
34,3,1,4,1
35,4,18,7,27
36,9,54,3,56
37,12,30,11,26
38,4,4,3,2
39,12,88,16,34
40,5,4,4,2
41,3,1,2,1
42,4,3,5,0
43,3,3,3,1
44,6,22,6,25
45,8,51,8,27
46,7,42,8,20
47,8,16,1,28
48,7,2,4,0
49,5,1,1,2
50,3,1,4,2
51,8,65,7,19
52,5,16,6,24
53,8,49,8,25
54,9,10,4,16
55,3,5,2,1
56,7,2,5,0
57,11,61,7,85
58,3,6,1,2
59,9,83,5,83
60,8,4,3,2
61,7,1,6,0
62,5,1,2,1
63,13,62,3,38
64,6,6,3,13
65,3,2,3,2
66,6,18,5,18
67,8,41,4,11
68,7,1,3,3
69,2,0,6,4
70,5,42,6,31
71,5,1,3,0
72,4,2,4,0
73,2,3,1,2
74,3,9,9,8
75,13,5,6,11
76,5,0,5,8
77,3,3,1,2
78,5,13,5,19
79,5,5,9,16
80,6,1,3,1
81,2,3,1,2
82,7,6,8,5
83,2,2,5,2
84,15,19,0,13
85,8,19,8,21
86,4,2,2,3
87,3,1,2,0
88,3,4,3,2
89,21,364,24,69
90,4,53,5,36
91,4,4,3,3
92,5,61,10,50
93,4,3,6,1
94,5,16,4,17
95,6,116,15,105
96,2,7,4,5
97,2,0,4,2
98,4,3,3,1
99,13,15,5,14
100,4,2,4,1
1,3,3,2,1
2,3,4,5,2
3,45,1357,50,64
4,11,28,6,25
5,5,3,1,2
6,4,1,2,2
7,3,3,4,5
8,2,2,3,1
9,5,2,2,0
10,5,1,2,1
11,4,6,5,1
12,4,2,2,1
13,10,6,2,15
14,7,0,0,2
15,6,3,2,0
16,5,62,6,38
17,7,4,2,4
18,5,2,3,0
19,6,5,2,2
20,4,23,7,15
21,13,58,6,29
22,5,1,1,1
23,5,4,5,1
24,4,1,1,3
25,9,20,4,21
26,5,3,0,0
27,8,27,3,34
28,8,5,1,10
29,4,3,0,3
30,2,5,1,1
31,5,2,2,1
32,9,32,5,47
33,6,48,6,43
34,3,2,4,2
35,6,1,3,2
36,10,132,3,72
37,7,2,0,3
38,2,4,2,5
39,4,4,1,0
40,5,43,5,39
41,6,4,3,5
42,6,28,8,23
43,11,3,4,4
44,7,12,3,13
45,9,10,5,11
46,9,25,6,34
47,6,16,6,15
48,13,18,2,21
49,6,17,3,56
50,6,11,3,36
51,4,2,2,0
52,2,1,4,0
53,6,1,1,2
54,7,52,6,98
55,7,3,4,3
56,1,8,8,53
57,10,27,11,42
58,17,17,7,29
59,6,2,2,2
60,4,2,2,3
61,9,28,4,41
62,3,2,1,3
63,6,2,1,3
64,7,4,7,7
65,6,30,4,30
66,13,17,6,34
67,6,3,3,3
68,5,1,2,1
69,4,1,2,2
70,7,17,6,36
71,7,27,4,49
72,5,4,3,2
73,4,2,3,2
74,4,3,0,1
75,14,27,14,77
76,13,10,2,27
77,4,4,1,2
78,6,17,2,28
79,11,9,13,145
80,2,1,3,3
81,5,5,6,4
82,167,190,169,6191
83,2,2,2,2
84,8,1,1,3
85,12,5,1,6
86,5,2,3,2
87,7,2,1,1
88,10,8,3,13
89,5,2,3,2
90,5,0,0,2
91,10,3,4,5
92,4,3,1,2
93,4,4,1,4
94,9,25,7,116
95,9,6,4,7
96,6,38,13,86
97,4,5,5,15
98,4,10,6,16
99,7,28,8,78
100,97,131,76,2830
101,1,2,2,1
102,2,0,1,2
103,4,0,2,2
104,3,1,0,7
105,8,5,3,4
106,9,3,2,3
107,5,1,4,1
108,3,1,1,1
109,8,19,4,40
110,3,4,4,1
111,5,8,4,18
112,13,13,10,14
113,4,3,1,3
114,4,1,3,7
115,11,25,3,61
116,5,1,2,1
117,5,3,0,4
118,4,2,2,1
119,4,6,4,6
120,9,32,11,42
121,3,1,3,3
122,3,6,0,0
123,4,4,4,0
124,5,10,5,19
125,4,23,9,25
126,7,2,3,1
127,2,0,2,4
128,9,14,9,5
129,8,12,6,21
130,4,3,3,5
131,7,2,4,1
132,10,6,10,4
133,7,11,6,18
134,5,1,4,2
135,7,0,3,1
136,6,24,8,58
137,4,13,4,22
138,8,19,5,49
139,5,1,0,2
140,2,0,3,2
141,5,1,2,2
142,10,12,5,32
143,6,1,2,1
144,5,8,4,10
145,5,0,2,2
146,3,1,3,3
147,6,4,4,1
148,6,22,13,51
149,4,2,3,2
150,4,1,4,3
151,8,13,6,18
152,3,1,4,1
153,7,4,5,2
154,8,6,8,20
155,9,3,4,0
156,8,9,5,20
157,5,12,10,28
158,3,5,7,6
159,3,2,5,3
160,3,9,6,23
161,5,2,2,2
162,5,5,13,5
163,13,23,17,47
164,4,13,7,9
165,11,3,6,3
166,6,5,4,15
167,5,10,10,24
168,4,2,4,1
169,5,9,15,14
170,7,12,11,26
171,8,5,6,29
172,8,5,8,4
173,1,1,2,5
174,9,0,4,4
175,2,2,7,4
176,8,5,15,8
177,3,12,9,25
178,2,0,3,1
179,5,7,6,15
180,2,2,1,3
181,3,10,7,18
182,4,2,2,1
183,8,8,5,12
184,9,12,5,33
185,5,8,4,9
186,10,7,3,11
187,4,10,7,21
188,5,3,4,0
189,4,2,2,2
190,2,3,1,1
191,5,3,1,1
192,2,2,4,2
193,6,3,7,3
194,8,10,5,25
195,4,12,7,37
196,3,10,6,38
197,6,10,10,22
198,4,3,1,1
199,4,2,4,0
200,10,15,6,38
201,3,2,6,1
202,4,3,2,4
203,6,1,6,2
204,14,11,14,26
205,4,1,4,1
206,6,15,6,22
207,5,5,7,11
208,2,3,5,3
209,6,5,3,15
210,3,2,4,0
211,4,10,5,23
212,8,13,3,21
213,5,16,12,42
214,8,21,8,45
215,4,0,5,1
216,6,1,3,1
217,5,2,2,1
218,8,31,6,62
219,12,44,78,67
220,6,9,7,25
221,7,0,4,0
222,3,3,2,5
223,4,28,13,63
224,5,12,9,29
225,5,21,8,45
226,4,15,9,35
227,4,1,6,1
228,1,1,4,1
229,9,18,13,34
230,2,23,8,27
231,8,19,9,41
232,9,8,5,24
233,6,16,25,17
234,6,0,4,4
235,3,15,10,20
236,4,1,4,1
237,8,16,12,25
238,0,2,4,2
239,4,14,13,40
240,2,0,4,2
241,5,1,5,4
242,6,3,7,3
243,3,3,7,2
244,5,23,5,27
245,3,1,1,4
246,8,7,10,13
247,3,17,7,22
248,3,2,5,1
249,2,3,3,1
250,9,41,7,45
251,6,17,16,28
252,3,21,8,17
253,9,37,4,47
254,3,26,8,22
255,6,11,2,16
256,5,3,3,3
257,6,8,27,9
258,7,43,7,53
259,6,12,7,11
260,4,18,13,20
261,6,31,11,36
262,4,9,5,10
263,10,9,16,11
264,3,4,3,5
265,6,20,2,44
266,4,20,8,23
267,8,4,4,1
268,3,1,4,2
269,10,4,6,2
270,2,1,3,2
271,2,1,4,1
272,3,3,3,2
273,4,3,4,2
274,10,18,16,46
275,4,2,3,3
276,4,17,9,21
277,5,15,8,34
278,3,2,2,3
279,5,3,2,1
280,2,3,2,1
281,4,3,4,3
282,7,25,9,70
283,6,14,6,6
284,8,9,8,4
285,4,3,7,1
286,9,0,8,14
287,4,1,1,1
288,6,1,4,0
289,1,2,5,3
290,2,2,3,2
291,7,10,4,30
292,8,21,7,71
293,4,4,3,2
294,2,1,5,2
295,5,14,7,40
296,13,4,9,3
297,9,3,5,5
298,3,4,4,1
299,2,8,7,16
300,6,1,3,2
301,4,2,2,1
302,3,1,2,3
303,7,25,16,24
304,1,1,4,1
305,2,5,2,1
306,3,2,3,0
307,12,14,11,25
308,2,3,3,1
309,3,13,8,28
310,5,17,5,41
311,2,4,4,2
312,9,11,2,21
313,7,3,6,0
314,10,12,9,16
315,3,4,5,3
316,8,3,8,19
317,3,3,3,5
318,5,2,4,10
319,4,9,5,20
320,2,14,10,37
321,7,9,10,37
322,3,16,6,30
323,3,4,6,2
324,5,5,5,1
325,2,0,9,4
326,6,6,6,7
327,5,3,0,0
328,6,3,3,2
329,6,13,16,15
330,5,4,4,2
331,7,21,6,50
332,3,8,7,16
333,7,15,6,21
334,7,0,5,2
335,7,11,9,23
336,4,5,2,0
337,5,1,5,2
338,3,0,3,1
339,8,18,12,30
340,7,7,8,4
341,3,1,5,1
342,6,2,2,3
343,3,12,5,24
344,7,12,6,11
345,8,12,6,23
346,7,1,2,5
347,6,2,2,1
348,10,19,11,60
349,5,1,8,1
350,8,6,3,2
351,8,6,24,8
352,10,55,12,111
353,6,9,6,18
354,7,27,9,49
355,7,4,10,3
356,4,2,3,0
357,5,40,11,35
358,4,1,1,5
359,1,1,3,3
360,3,2,1,2
361,5,1,4,2
362,5,2,0,3
363,6,2,3,2
364,6,5,5,3
365,5,1,4,1
366,7,14,4,21
367,11,40,18,32
368,9,16,9,42
369,15,17,7,40
370,7,23,7,56
371,3,4,1,2
372,10,9,6,22
373,28,75,33,903
374,12,48,21,92
375,91,135,91,3273
376,9,46,13,150
377,17,51,14,157
378,4,2,6,3
379,8,1,6,5
380,14,20,10,68
381,5,1,2,3
382,7,19,4,21
383,4,2,8,2
384,6,2,3,1
385,6,3,1,0
386,4,22,6,47
387,4,2,5,1
388,5,13,4,22
389,3,22,6,34
390,5,19,4,36
391,3,2,2,3
392,5,27,6,60
393,4,3,1,4
394,9,26,4,37
395,4,14,7,7
396,8,1,7,2
397,4,1,5,3
398,4,3,2,3
399,9,17,7,22
400,9,40,13,57
1,4,4,4,1
2,5,1,2,2
3,6,13,4,25
4,5,15,7,17
5,9,25,8,31
6,9,21,12,22
7,3,2,1,2
8,5,14,4,10
9,4,3,4,7
10,2,3,3,2
11,4,1,1,2
12,3,7,6,11
13,10,49,5,52
14,5,43,6,47
15,6,32,5,51
16,3,1,2,2
17,6,3,3,2
18,10,1,6,2
19,5,3,5,4
20,3,18,7,17
21,7,32,10,55
22,2,2,3,4
23,4,26,10,22
24,1,2,2,2
25,4,41,12,45
26,5,24,12,38
27,6,15,4,19
28,9,12,4,7
29,5,1,2,2
30,3,0,6,2
31,7,0,0,2
32,4,4,4,0
33,5,1,2,4
34,1,3,2,4
35,3,3,1,2
36,3,3,3,2
37,6,54,11,42
38,2,2,6,1
39,5,2,3,5
40,4,5,7,2
41,4,7,6,7
42,5,18,4,17
43,3,60,13,56
44,6,14,7,23
45,2,5,4,2
46,7,7,1,9
47,2,1,3,2
48,5,2,1,1
49,5,1,1,7
50,2,5,2,1
51,0,2,2,3
52,13,35,19,35
53,2,4,6,0
54,5,29,6,23
55,3,5,3,2
56,2,3,3,4
57,6,15,4,10
58,6,15,5,4
59,8,10,8,13
60,6,1,3,3
61,4,3,2,2
62,4,2,5,1
63,7,2,2,2
64,2,11,8,3
65,1,3,4,4
66,4,2,3,1
67,4,9,6,13
68,3,4,2,2
69,5,10,7,9
70,4,2,3,2
71,3,3,1,1
72,1,5,4,2
73,11,25,12,13
74,5,18,12,9
75,5,7,5,23
76,3,24,5,23
77,3,2,4,0
78,4,6,7,9
79,7,12,3,29
80,3,5,8,8
81,5,18,5,21
82,4,30,9,49
83,7,3,0,2
84,4,3,3,2
85,4,5,8,3
86,6,20,9,25
87,2,1,0,4
88,4,14,17,4
89,3,17,8,21
90,4,18,5,15
91,2,28,10,34
92,7,29,7,18
93,4,1,4,5
94,11,3,3,1
95,6,1,3,3
96,8,16,3,19
97,3,20,11,17
98,11,3,5,4
99,5,10,7,16
100,5,2,1,1
101,7,55,8,71
102,3,1,5,1
103,0,2,4,3
104,3,2,1,2
105,7,19,6,23
106,7,19,8,11
107,2,10,8,6
108,3,30,8,23
109,3,24,8,14
110,7,29,12,23
111,3,4,5,1
112,3,4,2,0
113,4,4,10,1
114,0,2,3,3
115,3,35,22,51
116,4,19,9,18
117,6,2,9,0
118,8,13,1,17
119,2,3,2,1
120,2,20,8,21
121,1,3,7,0
122,2,2,6,3
123,4,3,5,2
124,7,19,8,21
125,6,29,12,21
126,8,18,10,26
127,5,22,6,35
128,0,2,5,2
129,9,2,1,3
130,1,4,5,3
131,3,12,7,20
132,4,2,3,1
133,7,5,7,2
134,2,3,6,0
135,5,10,11,23
136,3,3,2,1
137,8,6,6,24
138,0,3,4,2
139,3,12,10,36
140,5,26,7,29
141,2,11,8,27
142,2,30,10,35
143,14,19,34,14
144,4,25,6,24
145,1,5,8,1
146,5,16,8,12
147,4,20,6,26
148,3,3,8,4
149,1,3,3,2
150,2,16,14,14
151,5,29,8,24
152,0,3,5,2
153,4,1,5,1
154,5,0,3,3
155,9,20,4,5
156,4,8,11,7
157,7,13,12,14
158,8,1,3,4
159,3,2,3,2
160,6,5,0,4
161,4,26,8,33
162,1,3,3,1
163,6,15,14,23
164,7,8,19,8
165,6,2,8,4
166,5,3,2,0
167,1,1,3,2
168,4,2,5,1
169,1,3,3,2
170,7,13,10,10
171,5,3,4,3
172,9,15,14,12
173,7,0,12,0
174,0,6,9,11
175,4,10,8,10
176,3,14,10,10
177,2,1,3,1
178,1,7,11,10
179,3,4,9,5
180,6,8,9,15
181,9,11,20,12
182,2,2,6,0
183,3,1,7,1
184,2,0,6,0
185,5,3,10,4
186,4,8,52,6
187,8,14,12,9
188,3,9,7,8
189,5,2,4,2
190,1,2,11,0
191,6,1,9,1
192,7,3,6,5
193,1,7,12,11
194,6,2,9,2
195,2,3,13,2
196,4,5,5,1
197,8,17,20,15
198,6,6,14,3
199,7,12,9,10
200,7,3,9,5
1,1,2,4,0
2,2,1,13,6
3,3,2,5,1
4,3,8,6,9
5,3,1,11,3
6,3,3,9,0
7,2,1,4,2
8,1,6,1,1
9,4,4,8,4
10,0,2,13,8
11,0,3,8,2
12,7,4,15,6
13,4,4,8,4
14,4,1,2,1
15,3,4,9,5
16,1,2,4,1
17,1,2,6,1
18,3,10,7,13
19,2,1,6,1
20,4,1,4,5
21,3,1,3,0
22,2,3,3,3
23,5,2,12,6
24,2,5,11,2
25,3,4,3,7
26,1,3,11,2
27,3,1,1,2
28,3,2,9,1
29,4,3,4,2
30,4,3,5,2
31,2,4,9,15
32,2,0,5,0
33,4,1,3,3
34,3,5,8,16
35,6,4,12,23
36,4,1,12,0
37,2,2,6,1
38,4,2,3,3
39,3,5,6,4
40,2,11,10,14
41,8,9,9,11
42,4,2,3,0
43,5,9,14,19
44,2,5,10,11
45,6,4,17,5
46,7,2,8,4
47,1,1,8,2
48,6,9,11,18
49,2,5,9,5
50,4,21,15,31
51,3,7,6,19
52,7,11,15,23
53,4,4,8,7
54,2,17,15,37
55,5,3,7,1
56,1,2,7,0
57,6,17,14,34
58,2,2,3,0
59,4,4,9,14
60,6,3,6,3
61,3,1,3,2
62,5,1,4,0
63,3,18,15,36
64,4,31,14,45
65,2,2,5,2
66,7,35,14,68
67,4,4,7,1
68,1,2,7,3
69,3,25,11,54
70,6,1,2,3
71,1,7,11,7
72,8,3,3,3
73,1,1,8,1
74,4,9,5,20
75,1,2,6,2
76,2,3,6,0
77,11,5,18,9
78,2,8,10,50
79,2,0,6,2
80,3,2,7,0
81,2,2,9,4
82,3,5,17,6
83,7,20,5,29
84,1,3,5,0
85,2,8,14,6
86,3,5,15,2
87,1,3,19,4
88,4,0,8,1
89,5,2,4,7
90,1,3,3,1
91,3,3,14,1
92,4,37,17,94
93,6,6,10,10
94,5,26,10,56
95,3,17,10,50
96,10,21,12,36
97,3,11,7,43
98,3,11,10,27
99,4,2,3,1
100,9,11,8,16
101,6,0,6,1
102,4,7,11,19
103,2,2,4,4
104,1,2,6,0
105,5,15,10,22
106,3,2,6,1
107,8,44,19,63
108,2,1,5,0
109,1,3,3,1
110,5,5,13,1
111,4,21,7,46
112,10,53,40,60
113,6,5,9,1
114,2,2,8,2
115,2,1,5,0
116,1,13,12,23
117,4,1,6,1
118,10,6,14,5
119,3,5,10,6
120,5,2,3,1
121,7,32,7,44
122,2,4,4,0
123,5,16,7,22
124,3,1,4,2
125,2,9,9,10
126,1,3,4,2
127,3,3,4,1
128,6,10,10,4
129,1,0,7,0
130,5,20,4,24
131,2,1,11,2
132,3,16,7,17
133,1,2,5,0
134,15,55,8,81
135,0,1,4,1
136,2,2,3,0
137,5,25,7,60
138,3,28,8,44
139,4,1,5,1
140,3,1,9,0
141,1,12,10,19
142,7,1,6,0
143,2,2,8,0
144,6,12,9,28
145,5,8,10,15
146,2,1,10,2
147,11,34,9,60
148,1,23,13,63
149,13,31,15,42
150,168,211,187,5891
151,3,3,7,2
152,4,4,14,1
153,4,35,9,129
154,3,0,8,2
155,3,3,7,1
156,1,1,4,1
157,1,0,7,0
158,7,36,18,165
159,9,11,20,11
160,3,1,5,1
161,2,7,10,44
162,1,0,4,1
163,83,96,96,2711
164,4,3,4,0
165,2,0,9,0
166,4,5,9,0
167,3,0,3,0
168,2,1,4,1
169,5,0,3,1
170,2,0,8,2
171,5,11,4,32
172,2,12,9,79
173,3,0,7,1
174,3,1,6,1
175,3,18,14,74
176,1,11,10,26
177,3,13,12,21
178,46,56,70,1837
179,8,16,15,171
180,11,11,14,28
181,1,8,12,15
182,0,2,3,1
183,1,2,5,0
184,1,1,10,1
185,4,28,13,116
186,5,10,8,36
187,6,24,13,157
188,5,2,11,0
189,4,3,2,0
190,3,6,9,15
191,14,17,13,293
192,2,9,10,43
193,2,12,8,83
194,4,11,11,23
195,4,19,23,62
196,8,1,12,5
197,2,1,5,0
198,5,0,8,2
199,7,6,9,8
200,2,0,7,0
201,1,12,15,28
202,4,12,7,22
203,3,7,16,32
204,11,4,23,8
205,7,0,12,0
206,4,11,13,37
207,2,21,10,41
208,5,1,7,0
209,2,1,8,1
210,2,3,10,16
211,2,1,8,3
212,4,1,8,0
213,1,4,10,11
214,3,11,11,33
215,2,3,4,0
216,3,6,6,22
217,1,13,10,31
218,3,1,5,0
219,4,21,34,66
220,6,24,15,98
221,4,6,7,31
222,4,19,15,80
223,2,6,9,37
224,1,1,5,1
225,3,1,6,1
226,3,4,11,36
227,2,11,14,39
228,1,0,8,2
229,1,0,6,2
230,3,0,6,0
231,3,3,3,0
232,2,15,7,41
233,1,1,7,1
234,7,16,8,64
235,2,2,9,0
236,2,2,10,10
237,2,0,10,0
238,1,3,4,1
239,3,13,9,44
240,1,4,9,11
241,6,10,11,18
242,1,0,6,0
243,6,14,10,66
244,0,1,6,0
245,2,0,8,0
246,4,14,7,28
247,7,42,21,144
248,1,0,6,1
249,2,10,9,31
250,8,1,12,2
251,5,0,8,1
252,2,4,5,3
253,5,1,11,2
254,5,3,7,0
255,3,2,2,1
256,5,4,5,2
257,1,0,5,1
258,3,1,4,0
259,5,2,10,0
260,2,10,8,32
261,0,2,7,1
262,5,1,5,1
263,4,4,6,16
264,3,1,7,1
265,7,17,12,60
266,3,14,6,27
267,2,1,6,1
268,1,6,8,11
269,4,22,7,69
270,3,19,10,45
271,3,5,12,4
272,2,16,8,49
273,3,6,18,3
274,5,1,7,0
275,6,0,8,1
276,2,0,5,1
277,6,18,10,33
278,5,15,13,45
279,6,33,19,46
280,4,31,8,78
281,5,7,13,12
282,3,2,6,0
283,2,1,6,2
284,2,1,8,7
285,4,24,8,37
286,3,9,8,22
287,4,5,18,24
288,3,15,9,29
289,4,4,8,7
290,2,1,5,3
291,4,2,5,1
292,2,6,7,18
293,4,4,16,11
294,5,8,9,22
295,5,9,8,42
296,5,1,7,0
297,9,8,11,34
298,10,14,4,30
299,5,2,3,0
300,2,7,7,13
301,4,33,9,56
302,4,1,2,2
303,9,2,5,1
304,2,2,5,2
305,2,14,18,17
306,2,3,8,1
307,11,35,41,222
308,4,1,7,1
309,3,0,7,1
310,6,8,9,20
311,5,4,8,3
312,4,33,12,50
313,2,0,7,0
314,9,5,19,11
315,5,7,4,10
316,3,1,10,6
317,5,6,10,25
318,3,1,4,0
319,7,25,8,59
320,4,15,10,20
321,3,8,7,45
322,4,1,2,1
323,2,3,7,20
324,6,18,13,71
325,5,10,5,18
326,1,0,8,1
327,2,4,7,5
328,3,16,10,45
329,4,15,9,31
330,6,21,6,94
331,2,2,7,0
332,5,5,9,29
333,1,11,14,33
334,7,6,14,35
335,4,18,16,35
336,4,10,6,18
337,2,0,7,0
338,6,1,6,0
339,5,21,14,35
340,6,22,8,35
341,3,5,9,6
342,4,12,12,32
343,4,2,13,10
344,3,0,7,1
345,2,2,6,1
346,2,0,4,2
347,2,19,9,55
348,2,0,5,1
349,0,0,9,2
350,3,12,11,29
351,10,17,29,24
352,2,1,7,1
353,5,14,21,35
354,5,22,18,39
355,20,55,21,470
356,6,14,7,42
357,5,7,16,52
358,3,11,7,19
359,30,61,43,1222
360,4,33,6,58
361,2,22,12,39
362,8,14,8,49
363,3,3,10,23
364,5,3,11,8
365,2,0,7,2
366,6,28,16,53
367,2,1,4,1
368,1,1,7,0
369,4,2,7,1
370,5,16,4,34
371,8,95,17,211
372,6,10,13,26
373,40,120,50,879
374,5,7,6,15
375,1,0,10,2
376,4,0,8,2
377,6,5,6,23
378,3,11,7,50
379,6,22,10,40
380,4,21,14,38
381,5,15,13,44
382,8,2,4,0
383,4,1,5,1
384,2,10,10,25
385,1,3,13,1
386,2,2,5,1
387,2,1,9,2
388,1,19,7,40
389,5,0,5,1
390,1,0,8,1
391,4,3,17,2
392,1,2,3,2
393,9,14,17,6
394,1,2,5,1
395,6,16,10,22
396,7,16,14,36
397,2,1,7,1
398,4,8,10,21
399,2,3,7,27
400,7,14,15,16
401,2,1,4,1
402,1,1,5,2
403,3,23,9,34
404,3,22,8,45
405,2,11,8,22
406,5,1,8,3
407,4,2,6,0
408,7,3,6,1
409,5,15,7,24
410,3,0,6,2
411,5,3,2,1
412,4,21,13,32
413,5,2,3,3
414,6,24,4,22
415,7,0,2,3
416,3,8,6,15
417,7,0,5,2
418,1,4,7,0
419,6,14,5,20
420,6,8,4,7
421,0,12,10,11
422,2,1,4,1
423,5,2,3,0
424,3,22,7,18
425,8,21,6,25
426,3,4,4,0
427,1,2,9,1
428,3,0,4,1
429,6,21,5,31
430,20,766,38,74
431,4,2,7,2
432,6,15,5,14
433,3,7,9,6
434,2,0,6,1
435,10,20,16,20
436,1,1,3,2
437,2,0,4,2
438,7,8,9,22
439,7,20,7,6
440,3,1,4,2
441,5,2,2,0
442,8,8,6,6
443,4,4,9,7
444,3,3,1,1
445,5,1,1,2
446,7,14,12,11
447,8,6,8,9
448,30,814,88,84
449,4,0,5,2
450,5,8,11,3
451,2,4,4,1
452,5,2,4,2
453,27,670,76,75
454,2,2,4,2
455,2,1,5,2
456,5,9,8,7
457,6,12,6,3
458,3,3,4,2
459,8,12,6,4
460,6,18,9,16
461,8,3,5,2
462,3,21,10,10
463,7,27,9,16
464,3,2,2,3
465,2,2,5,2
466,0,3,2,1
467,4,3,3,3
468,3,4,4,2
469,3,2,2,3
470,5,4,2,3
471,2,3,3,0
472,5,2,1,3
473,6,13,11,13
474,3,2,3,0
475,5,7,12,8
476,4,2,9,2
477,1,3,2,1
478,4,1,1,3
479,5,9,4,16
480,9,17,6,16
481,3,1,4,3
482,1,3,2,2
483,9,17,10,11
484,6,11,5,9
485,2,2,6,2
486,4,3,1,9
487,4,1,9,4
488,8,19,6,33
489,2,4,2,2
490,7,6,3,20
491,3,1,1,4
492,4,4,4,9
493,5,10,4,17
494,7,4,10,19
495,2,3,2,2
496,4,21,9,26
497,4,1,4,2
498,4,2,1,1
499,6,11,7,10
500,2,2,1,4
501,7,0,4,2
502,5,7,6,18
503,3,1,4,1
504,4,26,9,14
505,2,4,1,0
506,4,46,7,53
507,11,9,6,10
508,6,17,7,32
509,3,0,1,4
510,2,2,3,4
511,4,24,7,28
512,4,12,9,29
513,8,12,7,22
514,5,16,8,15
515,1,3,3,3
516,6,10,4,26
517,10,10,6,15
518,4,1,7,4
519,11,15,9,18
520,4,1,3,1
521,2,1,3,5
522,3,7,7,18
523,4,5,6,8
524,7,7,7,18
525,2,12,7,27
526,2,2,3,1
527,5,28,5,33
528,5,1,1,7
529,8,8,2,23
530,5,10,14,21
531,1,2,2,4
532,1,2,4,2
533,23,44,19,574
534,3,1,4,2
535,9,28,4,45
536,8,37,8,46
537,3,3,2,2
538,5,20,5,38
539,4,5,4,0
540,7,7,14,31
541,2,2,5,2
542,2,1,5,1
543,4,10,10,51
544,2,3,3,0
545,8,12,3,36
546,10,20,4,44
547,5,2,6,2
548,8,22,6,22
549,11,29,12,46
550,2,4,1,2
551,4,1,1,3
552,1,4,1,2
553,1,2,2,2
554,3,12,9,22
555,8,22,4,47
556,2,3,1,3
557,4,5,2,2
558,3,20,9,24
559,6,10,7,32
560,10,9,13,5
561,4,2,1,2
562,4,5,5,6
563,6,13,7,18
564,1,4,1,4
565,7,1,1,4
566,8,3,8,4
567,4,1,3,2
568,9,17,5,28
569,2,2,5,3
570,3,2,2,3
571,4,2,5,2
572,3,2,2,3
573,6,2,4,1
574,6,4,8,6
575,8,6,2,22
576,4,0,6,4
577,2,8,8,21
578,6,12,4,14
579,13,4,12,8
580,5,4,6,4
581,13,16,14,40
582,9,13,13,16
583,3,1,2,3
584,7,6,4,16
585,6,1,5,2
586,5,11,6,32
587,9,9,7,6
588,6,8,6,26
589,6,11,7,24
590,6,9,5,18
591,5,3,2,0
592,3,3,3,2
593,3,1,2,4
594,9,7,2,15
595,5,2,11,3
596,37,405,46,196
597,5,2,6,1
598,6,9,13,6
599,6,6,4,21
600,9,6,4,16
601,22,701,40,158
602,3,5,2,2
603,1,3,2,3
604,8,5,7,32
605,7,17,3,29
606,10,5,4,28
607,5,14,12,63
608,4,3,5,3
609,9,14,6,24
610,5,15,6,11
611,4,10,5,31
612,4,2,5,1
613,9,37,14,50
614,6,17,4,31
615,7,23,4,43
616,3,1,2,2
617,3,3,1,2
618,4,2,1,3
619,4,5,5,15
620,3,2,4,0
621,11,25,6,59
622,13,142,21,94
623,9,20,4,28
624,7,50,5,71
625,5,0,3,2
626,7,4,8,12
627,3,2,1,4
628,9,25,7,70
629,4,2,1,2
630,4,3,3,2
631,6,9,11,41
632,5,5,6,4
633,10,9,5,20
634,3,5,2,4
635,5,11,5,48
636,2,2,5,4
637,10,6,3,5
638,8,4,1,2
639,4,4,5,1
640,5,2,2,4
641,6,11,10,40
642,10,15,10,57
643,26,34,33,45
644,8,5,5,12
645,8,9,12,29
646,14,9,8,6
647,4,2,4,1
648,4,1,3,1
649,7,2,7,6
650,5,0,2,3
651,6,4,1,2
652,3,2,2,3
653,3,3,5,2
654,6,11,8,23
655,2,3,1,2
656,3,2,2,4
657,10,15,13,24
658,3,1,3,1
659,1,1,4,1
660,0,2,4,6
661,4,11,6,18
662,14,37,10,68
663,17,28,8,38
664,2,4,3,1
665,3,3,2,3
666,6,13,5,21
667,5,2,1,3
668,6,0,6,14
669,6,3,4,3
670,1,0,0,6
671,10,12,4,23
672,13,13,4,22
673,4,2,3,2
674,4,2,2,2
675,12,7,6,22
676,9,11,6,4
677,6,5,5,2
678,4,2,1,3
679,0,1,6,0
680,3,1,2,3
681,1,2,2,3
682,4,5,2,2
683,4,2,1,1
684,4,8,5,8
685,3,3,2,2
686,8,24,13,59
687,10,3,5,2
688,6,3,3,22
689,8,18,8,22
690,7,12,9,50
691,8,10,7,30
692,12,9,11,41
693,12,16,6,37
694,10,6,9,2
695,6,7,3,22
696,8,17,4,35
697,9,4,3,16
698,11,9,10,24
699,2,0,3,3
700,6,3,3,0
701,5,1,2,2
702,7,4,4,13
703,6,2,3,2
704,5,5,4,8
705,4,2,1,1
706,1,2,6,2
707,2,2,2,2
708,18,16,10,29
709,4,0,1,1
710,5,4,7,1
711,5,0,3,3
712,6,14,8,28
713,4,1,1,6
714,4,2,1,2
715,3,2,4,2
716,6,0,4,0
717,2,2,4,1
718,6,22,4,35
719,11,4,4,3
720,2,4,0,3
721,8,4,5,3
722,4,1,1,5
723,7,10,5,23
724,3,1,3,4
725,0,4,5,1
726,42,149,36,1081
727,7,12,3,35
728,2,1,3,3
729,6,2,7,2
730,4,1,4,2
731,9,25,9,83
732,3,2,7,21
733,5,1,4,2
734,1,13,9,24
735,2,2,9,0
736,7,12,26,21
737,1,21,16,47
738,2,31,15,49
739,12,36,18,61
740,2,0,5,2
741,1,3,6,1
742,2,2,5,0
743,3,3,7,1
744,2,14,6,9
745,5,15,10,23
746,3,6,12,7
747,3,13,9,27
748,6,1,10,0
749,2,1,8,2
750,13,7,10,12
751,5,0,10,1
752,2,2,4,0
753,4,21,5,35
754,9,41,8,86
755,5,6,4,10
756,3,25,10,39
757,5,12,4,15
758,15,18,12,14
759,4,2,8,0
760,2,1,9,1
761,4,1,5,0
762,5,3,3,0
763,9,11,7,11
764,9,18,7,37
765,14,7,26,7
766,4,1,8,1
767,4,1,4,0
768,2,2,2,1
769,1,1,8,0
770,4,13,6,26
771,11,5,10,10
772,4,1,5,0
773,13,22,16,18
774,2,10,8,14
775,4,1,8,1
776,1,2,4,1
777,5,13,5,21
778,3,2,3,0
779,7,5,4,5
780,2,26,10,31
781,4,11,6,29
782,4,0,4,2
783,4,1,7,1
784,7,0,5,4
785,7,0,4,1
786,5,13,8,39
787,4,2,2,0
788,17,30,44,66
789,6,20,5,40
790,4,4,7,17
791,4,2,3,0
792,7,2,8,1
793,4,2,4,1
794,6,3,2,2
795,10,35,8,44
796,3,1,6,1
797,3,2,5,2
798,3,2,3,5
799,30,64,28,824
800,2,1,3,2
801,2,3,4,1
802,2,3,5,0
803,3,7,6,25
804,17,21,11,26
805,6,7,10,6
806,1,2,4,2
807,24,33,11,31
808,9,11,5,17
809,6,8,5,7
810,5,8,4,12
811,4,0,5,2
812,11,10,11,14
813,3,3,3,1
814,11,6,3,5
815,3,1,2,3
816,8,5,5,15
817,6,7,6,6
818,6,13,10,6
819,7,2,7,2
820,2,4,4,1
821,5,11,6,25
822,4,1,5,1
823,16,6,7,13
824,8,4,6,7
825,20,12,25,4
826,2,1,6,1
827,8,1,1,3
828,6,2,1,2
829,7,8,4,21
830,7,6,6,11
831,2,3,7,1
832,6,2,1,3
833,4,5,4,0
834,10,9,5,5
835,2,3,3,0
836,7,1,1,2
837,12,7,10,8
838,7,8,4,8
839,50,1193,45,92
840,3,3,0,3
841,10,11,2,14
842,7,8,4,15
843,7,10,2,9
844,5,1,7,2
845,5,4,6,1
846,5,4,4,9
847,5,2,5,3
848,10,7,2,8
849,2,4,1,1
850,3,5,5,7
851,14,108,13,133
852,2,2,4,1
853,8,2,4,6
854,4,3,3,1
855,6,5,5,11
856,44,501,48,508
857,12,7,7,5
858,8,4,6,6
859,11,7,4,16
860,2,3,6,1
861,14,3,5,4
862,7,4,2,14
863,5,4,3,1
864,3,3,4,1
865,7,3,2,2
866,6,3,3,18
867,13,8,6,17
868,6,5,1,3
869,3,3,5,2
870,11,20,9,24
871,3,0,3,2
872,11,9,5,13
873,10,38,7,58
874,8,3,7,6
875,9,11,6,11
876,8,7,8,4
877,9,4,3,3
878,11,4,7,2
879,10,5,12,10
880,7,11,10,9
881,3,7,8,4
882,3,2,4,2
883,25,360,23,256
884,4,7,6,5
885,6,1,1,1
886,4,3,1,1
887,14,41,12,38
888,3,2,0,2
889,19,142,16,467
890,6,0,2,0
891,8,5,8,7
892,17,24,9,30
893,6,9,3,9
894,14,2,3,8
895,3,1,3,2
896,9,23,5,24
897,12,2,7,2
898,4,1,3,2
899,6,1,2,1
900,18,342,16,237
901,14,36,7,47
902,6,16,7,21
903,5,7,3,1
904,1,1,6,2
905,13,7,3,20
906,17,272,18,214
907,4,4,6,23
908,5,0,3,3
909,7,15,3,27
910,3,1,5,3
911,3,5,2,0
912,4,2,3,1
913,11,13,10,18
914,26,214,18,190
915,21,192,18,121
916,3,3,3,1
917,4,2,3,2
918,9,18,8,16
919,2,1,3,3
920,5,1,2,1
921,4,2,4,0
922,3,4,4,1
923,12,223,17,89
924,6,5,5,9
925,7,8,5,18
926,6,14,8,15
927,7,114,8,89
928,3,2,4,2
929,7,101,16,114
930,5,3,1,2
931,3,0,7,2
932,1,1,3,3
933,4,3,1,1
934,10,19,4,28
935,2,2,3,0
936,7,28,11,46
937,2,3,2,2
938,3,15,7,22
939,9,184,13,106
940,15,144,13,116
941,11,39,6,58
942,2,2,5,2
943,3,2,4,2
944,1,1,1,3
945,5,42,9,57
946,2,4,2,2
947,4,2,5,2
948,11,28,3,31
949,5,2,7,22
950,4,10,9,22
951,5,3,2,2
952,4,3,2,2
953,5,1,2,4
954,9,4,10,6
955,1,1,2,3
956,4,0,3,4
957,4,2,3,1
958,1,3,0,5
959,4,2,1,8
960,5,5,3,1
961,4,6,9,7
962,6,5,3,11
963,4,18,8,32
964,6,48,5,66
965,4,3,5,7
966,3,21,7,25
967,2,1,4,3
968,1,6,0,2
969,3,3,1,3
970,5,60,5,55
971,2,2,4,4
972,8,43,7,71
973,3,2,1,2
974,10,3,2,7
975,1,2,3,4
976,9,24,5,48
977,5,4,1,3
978,3,2,1,4
979,3,2,3,3
980,3,3,5,1
981,4,2,3,4
982,9,0,7,8
983,5,0,5,0
984,18,87,11,221
985,5,18,5,22
986,7,48,10,79
987,4,0,4,2
988,8,14,6,17
989,5,13,5,38
990,3,3,3,1
991,0,4,3,1
992,9,12,9,26
993,1,5,3,2
994,6,5,4,14
995,3,2,3,2
996,3,4,6,2
997,2,0,9,2
998,4,2,5,0
999,7,2,2,16
1000,2,2,4,4
1,5,1,7,2
2,5,5,6,16
3,8,43,5,67
4,2,2,5,3
5,5,9,6,20
6,4,3,2,4
7,2,1,3,6
8,2,2,8,2
9,2,0,1,3
10,9,15,14,14
11,4,4,3,3
12,4,0,0,5
13,4,0,4,3
14,5,3,8,2
15,2,3,4,3
16,3,3,1,0
17,8,10,12,16
18,4,1,4,3
19,1,2,2,3
20,1,2,6,2
21,5,2,5,1
22,2,2,3,3
23,12,20,5,35
24,4,4,3,1
25,10,5,5,4
26,4,2,4,2
27,6,11,9,25
28,14,10,8,8
29,12,34,5,50
30,5,2,1,1
31,2,2,2,4
32,5,4,1,0
33,5,9,4,9
34,13,2,4,8
35,12,14,10,24
36,13,5,9,7
37,7,20,6,33
38,9,12,5,21
39,81,2560,88,204
40,4,2,7,0
41,5,1,2,5
42,5,6,6,33
43,3,0,6,2
44,24,8,9,10
45,0,1,2,4
46,9,0,10,2
47,2,3,7,2
48,4,3,9,7
49,2,2,4,0
50,2,0,1,3
1,1,1,4,2
2,13,4,0,8
3,8,63,5,82
4,6,0,5,0
5,8,30,8,39
6,9,6,6,12
7,5,2,5,1
8,16,24,6,23
9,3,1,2,3
10,10,13,5,5
11,6,1,4,1
12,7,10,5,22
13,7,1,2,0
14,9,98,7,152
15,6,0,5,1
16,10,10,13,6
17,7,0,2,3
18,2,2,8,0
19,5,7,9,17
20,11,8,4,12
21,2,0,3,3
22,8,78,7,65
23,4,1,4,2
24,4,3,3,0
25,8,2,2,0
26,4,1,3,0
27,8,1,5,3
28,2,3,2,1
29,4,0,4,1
30,4,0,4,1
31,5,11,5,20
32,6,7,7,25
33,11,4,3,9
34,6,1,2,1
35,14,3,8,2
36,4,1,2,1
37,3,3,2,1
38,6,0,4,0
39,6,0,7,0
40,3,1,5,2
41,5,1,5,1
42,4,3,3,2
43,5,2,4,0
44,8,7,6,19
45,5,1,7,2
46,1,0,5,1
47,9,2,3,0
48,3,3,1,0
49,9,30,3,50
50,8,3,10,1
1,4,3,2,1
2,14,60,6,78
3,10,8,5,16
4,11,3,6,0
5,16,35,8,45
6,3,0,2,1
7,2,1,3,2
8,87,1321,79,4965
9,5,0,3,3
10,8,13,8,34
11,3,0,3,2
12,9,79,12,96
13,7,3,6,1
14,5,3,6,1
15,2,56,8,57
16,10,51,6,39
17,4,1,11,2
18,16,5,10,3
19,6,6,5,29
20,6,6,2,5
21,9,48,5,75
22,1,2,2,1
23,7,6,6,9
24,38,137,42,2916
25,7,1,4,1
26,1,2,4,2
27,11,6,7,5
28,5,1,3,2
29,8,34,12,47
30,3,1,3,2
31,1,2,5,2
32,8,6,3,7
33,4,1,3,2
34,5,2,0,1
35,7,2,5,22
36,3,1,5,1
37,1,1,4,1
38,1,2,4,3
39,11,4,6,3
40,3,3,8,4
41,10,7,10,12
42,3,1,3,2
43,7,3,3,1
44,1,4,2,2
45,8,12,11,30
46,35,1535,38,288
47,7,3,4,17
48,11,42,18,36
49,15,371,12,273
50,22,1139,24,255
1,2,1,0,3
2,6,0,2,0
3,6,33,7,53
4,1,0,6,2
5,13,9,9,19
6,8,3,8,2
7,8,23,8,52
8,2,6,7,19
9,10,16,8,22
10,7,3,5,1
11,12,59,8,69
12,4,4,7,18
13,10,15,5,27
14,8,57,3,83
15,8,1,2,3
16,7,0,6,1
17,2,2,3,1
18,11,33,5,33
19,3,2,4,0
20,6,0,3,0
21,9,8,4,26
22,8,3,5,8
23,2,2,6,1
24,19,0,9,2
25,5,1,3,0
26,37,171,19,149
27,3,1,2,1
28,5,1,3,1
29,6,56,3,62
30,5,1,4,0
31,5,10,4,31
32,6,2,3,2
33,19,91,20,91
34,8,1,4,1
35,5,0,4,0
36,9,57,10,72
37,19,100,6,152
38,7,1,4,0
39,6,4,5,19
40,8,11,1,20
41,15,9,3,18
42,8,0,3,0
43,6,37,5,56
44,8,0,6,0
45,12,15,3,5
46,6,1,3,3
47,4,2,6,0
48,3,19,5,34
49,8,2,1,0
50,9,5,4,19
1,12,61,6,110
2,6,4,4,2
3,8,24,5,150
4,5,0,5,0
5,3,1,4,2
6,5,0,6,0
7,6,2,2,0
8,11,7,6,15
9,6,1,2,0
10,9,7,6,27
11,25,65,18,766
12,93,103,82,6840
13,10,21,8,72
14,9,1,6,1
15,7,27,4,44
16,12,19,5,62
17,7,0,3,1
18,4,2,5,2
19,4,48,9,154
20,6,4,6,6
21,56,100,45,3164
22,4,1,2,0
23,8,6,6,17
24,2,1,3,1
25,7,6,6,16
26,7,32,6,93
27,7,1,1,1
28,5,25,9,56
29,12,2,9,5
30,7,0,3,2
31,8,7,6,14
32,15,2,7,1
33,9,4,6,7
34,37,51,18,59
35,4,13,5,28
36,15,15,15,26
37,6,2,0,1
38,4,5,5,2
39,16,0,6,0
40,8,26,9,37
41,8,1,5,0
42,2,11,8,11
43,40,1809,39,44
44,5,0,3,2
45,6,1,3,1
46,17,9,11,4
47,5,1,7,0
48,2,1,3,1
49,22,14,22,4
50,4,2,6,2
1,8,0,3,0
2,5,1,8,0
3,6,49,8,48
4,20,20,8,21
5,4,72,6,72
6,6,1,6,0
7,13,7,16,0
8,11,24,5,42
9,6,1,4,1
10,6,42,9,117
11,8,15,7,34
12,6,37,7,51
13,30,171,28,526
14,4,43,5,64
15,2,1,3,3
16,6,1,2,1
17,5,8,4,6
18,7,2,3,0
19,6,1,5,0
20,8,3,2,0
21,15,23,11,23
22,2,2,4,1
23,5,1,3,4
24,10,35,7,75
25,4,1,8,0
26,2,14,8,12
27,2,1,2,2
28,5,29,6,39
29,8,25,4,25
30,9,4,3,2
31,4,1,2,1
32,7,7,2,1
33,8,0,3,0
34,9,3,3,1
35,5,4,6,10
36,9,0,2,0
37,7,5,6,20
38,19,6,8,12
39,8,0,3,1
40,4,13,6,28
41,6,8,11,8
42,4,5,11,1
43,10,1,5,1
44,10,1,1,0
45,5,0,6,1
46,9,26,4,32
47,10,3,6,1
48,4,1,5,0
49,11,0,3,0
50,9,4,2,4
1,10,8,2,6
2,8,0,0,1
3,6,7,7,9
4,9,3,9,6
5,4,2,4,1
6,5,2,3,1
7,9,1,7,0
8,4,1,5,2
9,6,1,11,1
10,3,0,4,2
11,6,1,4,1
12,10,0,6,0
13,8,15,4,8
14,9,1,5,0
15,11,0,4,0
16,7,1,9,5
17,5,0,3,1
18,9,0,6,0
19,13,0,4,1
20,5,1,2,0
21,4,6,5,6
22,4,0,5,0
23,8,0,8,1
24,13,0,4,0
25,2,2,7,2
26,10,1,19,1
27,6,0,2,0
28,5,4,7,5
29,8,1,6,0
30,9,5,4,3
31,7,0,2,0
32,4,0,5,1
33,3,0,6,0
34,4,0,6,1
35,5,1,2,1
36,7,0,7,0
37,7,1,10,5
38,6,1,7,4
39,6,4,12,7
40,2,2,5,0
41,4,0,7,0
42,2,1,6,2
43,4,2,6,1
44,3,2,5,0
45,4,1,9,0
46,2,0,9,0
47,5,3,6,3
48,6,9,7,12
49,4,2,1,0
50,5,4,7,2
51,6,5,6,3
52,4,2,10,0
53,6,0,6,0
54,0,1,6,1
55,5,2,3,0
56,4,21,8,50
57,1,2,4,1
58,9,3,5,9
59,9,1,5,0
60,7,13,5,9
61,5,18,6,19
62,7,3,2,4
63,3,8,7,13
64,5,9,8,19
65,8,1,7,0
66,13,6,7,3
67,16,0,13,1
68,3,2,5,0
69,7,5,11,2
70,1,2,5,0
71,15,0,11,2
72,5,2,6,0
73,12,11,5,13
74,6,10,6,15
75,6,1,2,1
76,9,17,10,31
77,6,1,5,0
78,4,0,5,1
79,6,1,8,0
80,5,1,7,1
81,5,0,7,1
82,10,17,10,16
83,2,1,4,0
84,1,0,6,1
85,6,2,0,0
86,17,16,12,23
87,8,4,9,0
88,8,3,7,0
89,4,0,4,0
90,5,3,8,1
91,3,1,5,0
92,4,0,9,1
93,8,7,8,5
94,10,0,9,0
95,4,0,6,0
96,3,6,8,6
97,2,1,7,2
98,4,1,8,0
99,11,4,4,2
100,5,3,5,0
101,3,1,5,1
102,8,0,6,0
103,3,3,2,1
104,11,28,20,7
105,9,15,10,15
106,8,14,6,12
107,9,8,5,2
108,13,5,18,7
109,5,28,7,30
110,7,25,7,18
111,18,93,27,116
112,3,2,4,0
113,3,0,5,0
114,4,20,5,13
115,5,11,5,10
116,4,44,11,32
117,1,3,7,1
118,13,8,13,2
119,6,3,3,0
120,6,5,8,0
121,2,13,6,8
122,4,0,8,1
123,4,2,5,1
124,8,25,5,18
125,7,2,7,0
126,8,60,8,65
127,13,45,6,37
128,5,2,3,0
129,3,1,4,2
130,6,7,7,7
131,6,1,6,1
132,10,0,4,0
133,0,2,4,2
134,3,39,8,62
135,3,18,5,35
136,9,18,7,34
137,3,0,3,3
138,4,1,3,1
139,7,2,6,0
140,24,10,26,11
141,15,11,16,10
142,8,31,3,29
143,8,10,5,12
144,4,2,7,5
145,12,10,2,9
146,6,1,4,1
147,5,1,5,0
148,3,1,5,2
149,16,15,13,9
150,4,2,3,0
151,10,23,8,27
152,7,1,2,0
153,7,4,4,8
154,12,30,9,63
155,8,20,7,37
156,9,18,7,22
157,4,1,5,1
158,1,1,6,0
159,6,20,4,25
160,10,8,12,10
161,4,3,4,1
162,5,2,8,1
163,10,8,5,11
164,3,1,2,1
165,7,1,8,0
166,6,0,3,0
167,6,2,6,0
168,12,13,23,0
169,0,0,6,1
170,7,15,10,12
171,6,25,7,23
172,10,27,8,26
173,5,18,11,38
174,14,5,4,16
175,7,0,6,1
176,1,3,5,0
177,5,0,9,1
178,6,3,12,1
179,3,1,6,1
180,11,3,9,1
181,6,16,5,13
182,11,50,6,57
183,3,0,6,0
184,8,4,8,12
185,4,0,8,1
186,6,13,5,11
187,8,1,5,0
188,8,6,4,13
189,2,12,7,23
190,4,0,5,1
191,8,6,4,4
192,5,1,2,1
193,4,2,3,2
194,11,74,9,120
195,9,13,9,26
196,5,1,8,1
197,4,10,4,3
198,9,0,3,0
199,3,1,3,3
200,9,1,8,2
201,2,1,3,1
202,7,0,6,1
203,4,21,6,25
204,111,191,128,6280
205,3,0,5,0
206,7,3,4,0
207,7,4,8,2
208,3,1,2,2
209,4,7,6,10
210,4,1,3,2
211,52,119,56,3048
212,4,1,2,0
213,14,28,13,46
214,5,47,11,80
215,4,2,4,1
216,10,6,13,6
217,2,3,2,2
218,3,2,2,1
219,5,0,2,2
220,2,2,3,3
221,8,34,8,58
222,6,2,3,1
223,6,12,8,24
224,4,0,6,0
225,2,0,5,1
226,11,30,9,32
227,7,0,7,0
228,7,0,4,2
229,6,5,8,5
230,6,13,8,42
231,6,2,3,7
232,2,1,5,2
233,5,9,14,2
234,5,33,15,25
235,2,0,6,2
236,1,0,7,1
237,4,0,4,2
238,5,5,12,5
239,5,1,4,0
240,3,1,2,0
241,23,31,38,48
242,5,1,10,3
243,6,3,5,3
244,1,1,11,2
245,34,56,25,1789
246,7,4,4,14
247,1,2,6,1
248,3,0,2,2
249,2,2,5,0
250,2,4,7,10
251,4,8,5,18
252,8,51,5,83
253,5,1,9,0
254,2,1,6,0
255,7,2,6,1
256,6,4,6,2
257,1,1,4,2
258,3,1,3,2
259,6,35,10,70
260,5,30,10,147
261,4,1,3,1
262,2,2,8,0
263,7,7,6,10
264,8,1,6,0
265,2,1,4,3
266,7,23,6,27
267,0,1,5,4
268,21,54,33,81
269,7,0,3,0
270,4,20,7,54
271,4,1,3,0
272,5,0,6,2
273,11,39,7,56
274,7,17,5,31
275,8,13,6,28
276,14,52,5,120
277,11,84,11,134
278,8,65,3,92
279,50,1455,50,422
280,3,20,7,35
281,7,30,6,96
282,8,24,6,26
283,5,56,10,57
284,8,1,5,0
285,20,2,16,1
286,5,12,4,21
287,10,1,5,0
288,4,0,4,3
289,6,3,5,0
290,12,47,5,29
291,3,0,4,0
292,8,23,8,26
293,4,1,2,0
294,7,6,7,11
295,18,26,8,47
296,0,0,7,0
297,5,10,5,35
298,2,0,10,0
299,5,24,6,40
300,2,2,2,1
1,3,1,3,1
1,7,1,1,0
2,8,2098,6,4030
3,1,0,4,2
4,7,2,3,1
5,5,1180,3,2072
6,8,2,9,0
7,5,1,2,0
8,16,505,6,1451
9,6,554,3,842
10,5,1,5,2
11,9,521,5,580
12,5,377,5,547
13,5,1,6,1
14,11,15,4,14
15,10,215,2,524
16,7,33,3,55
17,6,12,7,10
18,12,267,2,367
19,7,1,3,0
20,10,165,1,350
21,4,215,3,248
22,9,173,5,249
23,4,1,3,1
24,5,168,2,199
25,6,131,5,229
26,6,3,1,1
27,4,1,2,2
28,15,121,2,235
29,17,136,3,194
30,4,3,1,2
31,7,2,0,1
32,6,131,3,183
33,10,0,0,1
34,3,0,4,1
35,9,125,7,169
36,2,1,5,1
37,3,1,4,0
38,11,6,7,1
39,5,102,2,179
40,4,114,8,149
41,7,0,3,1
42,7,106,1,130
43,10,98,5,118
44,8,82,3,124
45,5,1,3,0
46,4,0,5,4
47,5,0,4,1
48,7,1,4,0
49,10,1,3,0
50,4,2,5,1
51,11,81,5,113
52,7,85,2,119
53,9,77,1,111
54,4,0,6,4
55,4,63,2,107
56,6,1,5,0
57,10,55,3,103
58,8,20,4,88
59,4,31,4,83
60,4,0,3,1
61,8,54,5,59
62,7,1,2,2
63,5,1,3,0
64,4,2,5,0
65,1,1,3,0
66,6,0,1,2
67,7,31,3,73
68,10,39,1,66
69,5,27,2,76
70,3,25,5,63
71,5,0,3,1
72,7,38,2,53
73,5,3,2,6
74,11,32,3,44
75,10,0,7,0
76,2,1,4,1
77,9,25,5,46
78,8,0,2,1
79,4,1,5,0
80,6,21,2,54
81,10,2,5,1
82,7,27,4,42
83,16,1,7,2
84,5,2,3,1
85,7,35,4,41
86,6,19,6,56
87,6,26,5,46
88,7,27,1,62
89,7,1,8,0
90,5,1,2,0
91,9,39,3,65
92,9,30,5,70
93,10,46,6,51
94,4,3,1,0
95,5,40,9,56
96,4,4,4,1
97,9,34,3,58
98,7,1,5,0
99,6,26,5,68
100,4,0,4,1
101,4,0,3,0
102,7,19,4,38
103,5,1,5,0
104,4,1,2,0
105,7,17,2,46
106,9,0,5,0
107,14,19,5,32
108,10,17,4,38
109,6,0,4,0
110,17,15,8,28
111,10,3,4,1
112,5,2,3,1
113,7,1,4,0
114,2,0,6,1
115,12,25,4,59
116,9,0,4,0
117,3,0,8,0
118,3,2,1,2
119,5,1,3,1
120,5,45,3,45
121,3,1,3,2
122,9,0,3,2
123,7,26,2,32
124,6,0,2,0
125,7,0,2,1
126,5,34,3,55
127,4,2,2,0
128,6,10,8,15
129,6,1,8,0
130,10,28,9,48
131,9,1,4,1
132,4,32,4,55
133,6,2,0,1
134,7,0,2,1
135,10,1,9,1
136,5,0,3,1
137,3,24,9,53
138,5,0,4,1
139,13,31,16,32
140,12,2,7,1
141,24,18,19,28
142,5,2,1,1
143,7,38,2,41
144,3,3,5,1
145,10,23,1,45
146,5,14,10,32
147,5,0,2,0
148,7,20,2,53
149,13,19,7,39
150,7,17,6,50
151,3,0,6,0
152,12,19,8,39
153,12,22,7,38
154,3,20,3,49
155,7,0,3,0
156,9,0,1,1
157,9,20,7,29
1,5,0,2,1
2,10,21,12,31
3,4,0,3,2
4,9,19,8,31
5,12,2,8,3
6,6,1,4,0
7,2,0,4,2
8,13,5,10,19
9,8,3,12,7
10,12,3,9,2
11,6,8,6,7
12,3,3,3,1
13,7,11,8,13
14,7,8,7,11
15,4,9,5,17
16,10,6,5,10
17,4,1,9,1
18,7,11,11,21
19,5,4,7,2
20,3,0,4,1
21,8,1,5,1
22,8,2,4,3
23,6,9,10,13
24,9,6,5,11
25,18,9,9,7
26,7,2,6,0
27,7,1,6,0
28,7,4,1,1
29,6,3,7,1
30,2,6,7,7
31,7,2,6,0
32,3,1,2,3
33,14,6,10,11
34,7,1,5,1
35,9,0,4,0
36,9,2,0,0
37,8,0,6,3
38,4,5,8,12
39,5,0,2,1
40,10,10,4,21
41,3,1,3,1
42,3,10,7,7
43,5,4,4,0
44,6,0,6,0
45,13,4,5,1
46,1,0,5,2
47,4,1,3,1
48,39,7,33,8
49,7,1,5,2
50,4,0,3,1
51,5,3,4,12
52,5,7,6,9
53,8,2,3,3
54,6,5,4,0
55,9,5,4,6
56,12,9,7,21
57,3,1,5,0
58,11,15,12,23
59,6,19,4,7
60,4,2,9,0
61,7,5,9,1
62,5,9,5,11
63,6,11,8,14
64,4,0,3,3
65,2,2,8,2
66,3,2,5,1
67,3,1,5,0
68,4,4,7,8
69,6,5,12,4
70,6,6,6,10
71,1,2,5,2
72,5,12,5,11
73,8,12,9,16
74,5,0,8,3
75,7,3,7,3
76,6,8,5,5
77,15,7,4,1
78,9,10,5,15
79,3,2,4,1
80,4,2,7,1
81,55,84,31,83
82,1,2,9,0
83,2,4,0,0
84,2,3,3,1
85,2,1,5,4
86,10,30,5,24
87,11,7,2,3
88,5,4,8,12
89,5,4,5,8
90,384,5664,351,505
91,5,0,2,2
92,7,1,2,1
93,5,2,5,2
94,8,9,3,8
95,17,8,10,8
96,7,2,4,1
97,4,6,7,16
98,7,0,3,0
99,2,1,2,1
100,6,7,4,9
1,4,0,7,1
2,7,0,4,0
3,7,14,4,8
4,7,8,4,16
5,5,1,4,1
6,12,34,11,44
7,4,19,8,17
8,15,22,11,28
9,9,14,8,10
10,5,1,4,1
11,5,12,9,5
12,4,1,5,1
13,3,0,4,1
14,5,1,2,1
15,4,1,2,1
16,2,3,1,1
17,7,29,8,60
18,6,0,3,1
19,8,10,6,12
20,5,2,7,1
21,1,16,9,23
22,5,0,6,1
23,24,33,30,51
24,7,2,6,4
25,7,22,16,57
26,4,29,5,49
27,4,12,7,35
28,5,11,8,10
29,3,1,5,1
30,4,2,5,2
31,8,11,11,12
32,9,24,7,50
33,6,14,5,20
34,10,0,5,1
35,6,1,4,1
36,16,6,9,8
37,4,1,3,2
38,2,1,10,1
39,3,3,6,0
40,4,1,5,1
41,4,0,3,1
42,5,12,7,14
43,3,1,1,2
44,5,15,6,20
45,7,9,5,17
46,6,2,1,1
47,8,5,9,14
48,3,2,0,1
49,3,0,5,2
50,4,1,3,2
51,3,11,10,22
52,4,14,5,16
53,5,0,5,2
54,4,0,4,1
55,16,9,20,7
56,6,13,5,24
57,4,16,7,16
58,3,13,8,12
59,5,7,9,4
60,8,3,8,5
61,3,8,8,5
62,8,8,7,15
63,4,4,11,5
64,3,0,5,3
65,6,1,3,2
66,4,1,4,0
67,6,2,6,2
68,4,1,6,0
69,11,13,5,11
70,7,5,4,2
71,2,3,2,2
72,17,13,18,19
73,12,3,17,13
74,7,0,5,1
75,11,11,11,8
76,9,0,7,4
77,6,2,0,1
78,8,3,6,5
79,3,2,1,1
80,8,10,8,7
81,2,3,4,2
82,2,2,3,3
83,4,3,5,1
84,1,2,4,1
85,6,5,7,14
86,5,1,3,1
87,5,1,3,1
88,0,1,7,2
89,6,8,5,5
90,4,4,11,9
91,6,0,2,0
92,3,1,5,2
93,1,7,2,0
94,8,11,13,22
95,4,7,5,5
96,6,2,5,5
97,16,6,9,10
98,6,4,4,3
99,40,62,28,64
100,2,0,8,4
1,5,2,4,1
2,5,2,2,0
3,0,0,3,1
4,4,2,5,2
5,9,11,5,13
6,4,15,5,19
7,365,2852,365,2893
8,2,3,3,1
9,3,0,3,2
10,6,0,0,1
11,1,0,6,0
12,7,12,6,20
13,16,7,8,9
14,8,6,7,8
15,11,11,8,9
16,11,12,7,26
17,4,2,5,6
18,1,1,4,2
19,7,2,2,2
20,9,2,2,1
21,7,35,3,25
22,3,4,2,2
23,7,2,8,1
24,2,3,3,1
25,4,0,2,2
26,7,3,4,8
27,2,1,5,1
28,2,6,6,2
29,9,19,6,14
30,3,4,0,1
31,3,16,8,11
32,9,2,18,1
33,3,0,2,3
34,4,8,7,9
35,3,2,2,1
36,2,1,5,0
37,2,1,3,3
38,6,0,3,3
39,8,4,10,18
40,14,8,10,10
41,6,16,8,11
42,7,11,3,19
43,4,10,5,18
44,8,7,12,9
45,1,2,5,1
46,4,2,4,1
47,5,10,5,11
48,5,5,11,4
49,2,3,8,1
50,2,5,1,1
51,5,0,6,2
52,3,6,6,3
53,7,4,9,3
54,4,2,5,2
55,7,4,3,5
56,7,5,11,8
57,9,5,7,2
58,3,0,3,2
59,3,11,10,12
60,4,3,1,2
61,5,3,2,1
62,3,0,7,2
63,4,1,4,0
64,3,3,2,3
65,12,11,5,7
66,5,2,3,4
67,7,2,8,7
68,8,0,4,2
69,1,4,2,1
70,2,4,5,2
71,5,0,5,1
72,3,1,2,2
73,4,1,3,1
74,2,4,3,4
75,6,22,9,24
76,6,20,5,19
77,3,3,3,0
78,3,3,3,1
79,1,3,3,2
80,2,1,5,3
81,2,2,4,0
82,11,11,4,17
83,1,2,3,3
84,5,2,4,0
85,4,9,7,4
86,15,11,2,10
87,9,6,7,6
88,6,12,13,12
89,9,7,8,19
90,12,4,7,3
91,5,15,7,27
92,7,2,1,0
93,6,8,4,5
94,10,9,9,10
95,2,2,4,0
96,2,2,4,0
97,5,1,12,2
98,4,0,6,3
99,6,1,3,2
100,4,7,8,10
1,5,1,5,2
2,6,5,6,13
3,4,2,1,1
4,7,21,3,23
5,4,3,6,0
6,7,5,7,6
7,9,20,16,13
8,7,24,7,32
9,2,11,8,14
10,3,4,3,1
11,5,9,5,6
12,8,9,9,20
13,6,10,5,6
14,4,2,7,0
15,5,8,6,17
16,5,2,1,2
17,2,3,3,3
18,4,1,1,2
19,2,5,5,3
20,4,6,4,6
21,4,5,4,3
22,0,4,5,0
23,6,4,5,0
24,9,10,3,9
25,5,5,7,9
26,6,16,9,17
27,5,1,3,1
28,4,7,10,11
29,5,8,5,5
30,8,17,9,10
31,10,15,7,15
32,4,4,1,4
33,2,2,4,0
34,7,9,6,12
35,7,9,5,9
36,5,13,6,13
37,4,0,4,0
38,13,13,11,21
39,3,0,4,1
40,2,4,8,2
41,5,10,7,8
42,4,2,5,4
43,2,1,4,0
44,3,6,6,2
45,6,6,7,13
46,1,10,10,7
47,3,1,1,5
48,3,2,5,1
49,3,1,4,3
50,2,1,6,0
51,10,9,4,8
52,5,5,2,1
53,1,2,3,3
54,3,2,0,3
55,7,5,8,4
56,2,2,3,1
57,7,17,5,21
58,6,12,5,7
59,4,3,3,0
60,4,6,3,1
61,10,3,7,3
62,3,1,3,1
63,19,55,11,75
64,2,3,2,0
65,3,3,1,0
66,3,2,5,2
67,5,12,9,23
68,3,2,5,2
69,3,3,1,0
70,4,1,6,0
71,9,4,6,6
72,7,4,5,4
73,9,19,6,34
74,1,23,13,35
75,2,5,4,1
76,4,6,8,6
77,3,17,7,16
78,5,2,2,2
79,6,21,4,41
80,8,1,2,2
81,1,1,2,2
82,7,15,11,10
83,5,3,10,1
84,9,22,5,50
85,1,4,2,2
86,4,4,3,1
87,15,59,20,80
88,18,13,17,19
89,5,39,8,90
90,1,2,5,3
91,2,1,4,2
92,2,2,4,1
93,8,11,11,17
94,5,2,4,1
95,3,3,7,1
96,5,2,5,1
97,5,13,6,12
98,2,3,2,1
99,5,1,6,2
100,5,4,2,1
1,2,3,1,2
2,4,7,8,5
3,9,16,7,24
4,5,20,7,31
5,13,18,11,24
6,2,2,2,3
7,10,6,4,0
8,4,1,5,3
9,10,18,10,18
10,24,48,24,38
11,3,2,5,2
12,1,3,1,2
13,6,9,7,5
14,9,14,11,18
15,5,4,3,3
16,5,0,3,2
17,5,8,7,12
18,2,13,7,6
19,16,18,13,29
20,2,1,5,2
21,2,1,7,3
22,2,1,9,2
23,5,6,7,13
24,3,20,7,15
25,4,1,5,1
26,2,9,7,15
27,4,5,10,2
28,1,2,5,2
29,9,27,3,33
30,4,17,6,24
31,2,1,5,1
32,7,1,4,1
33,1,4,5,3
34,6,0,3,0
35,3,3,8,1
36,3,11,6,11
37,3,1,4,3
38,2,12,10,9
39,5,7,8,7
40,2,3,4,0
41,4,2,6,1
42,0,4,6,0
43,8,20,5,55
44,3,3,6,4
45,6,4,15,6
46,7,9,11,6
47,14,19,16,37
48,4,3,4,2
49,10,16,22,14
50,9,10,18,9
51,3,2,6,2
52,15,9,10,10
53,8,16,5,16
54,3,1,3,1
55,4,0,7,2
56,2,1,4,0
57,5,1,14,2
58,5,14,7,16
59,7,8,8,8
60,3,2,6,1
61,4,3,4,0
62,4,16,5,5
63,2,2,5,1
64,15,17,11,10
65,5,6,4,1
66,3,8,9,4
67,4,1,5,1
68,8,6,10,4
69,8,2,7,11
70,16,18,11,16
71,9,4,5,1
72,3,6,9,5
73,6,7,10,5
74,2,3,6,2
75,4,1,3,2
76,2,13,9,15
77,3,1,6,3
78,10,6,8,3
79,6,1,3,1
80,5,11,7,12
81,4,9,11,4
82,10,0,0,2
83,5,1,5,1
84,2,15,7,11
85,2,0,6,1
86,2,1,1,5
87,2,2,7,3
88,6,1,6,1
89,7,3,7,4
90,3,4,0,2
91,4,12,8,2
92,3,6,7,5
93,1,9,9,3
94,3,8,8,1
95,3,1,3,2
96,5,12,5,11
97,7,6,12,10
98,5,1,1,2
99,5,3,4,2
100,3,0,11,2
1,1,3,2,3
2,4,5,4,2
3,14,16,14,8
4,4,5,3,5
5,3,2,0,3
6,1,3,1,5
7,0,7,4,3
8,4,5,6,5
9,5,3,4,5
10,1,1,5,4
11,6,3,8,11
12,3,3,3,2
13,16,11,8,11
14,7,5,5,3
15,2,3,1,2
16,2,3,2,3
17,5,4,2,1
18,7,4,5,5
19,5,8,2,3
20,1,4,5,3
21,6,1,1,1
22,4,1,2,2
23,6,2,2,1
24,1,1,1,4
25,2,2,4,3
26,3,3,2,2
27,2,2,1,3
28,5,3,4,5
29,5,4,4,0
30,3,6,2,6
31,3,5,4,3
32,10,6,9,7
33,4,1,4,1
34,1,2,2,3
35,5,6,7,8
36,4,2,0,2
37,2,2,2,4
38,0,2,2,4
39,4,2,5,3
40,4,1,1,3
41,2,2,2,1
42,5,8,2,0
43,5,0,5,2
44,1,3,3,1
45,7,7,12,10
46,3,3,3,4
47,3,4,0,1
48,1,1,5,4
49,3,3,1,3
50,2,3,4,1
51,1,2,5,2
52,12,7,9,10
53,3,2,2,4
54,7,4,6,2
55,2,2,2,1
56,2,3,5,0
57,7,10,6,8
58,9,10,5,5
59,5,6,9,7
60,11,6,8,10
61,3,4,1,1
62,2,1,2,2
63,4,5,4,4
64,2,2,3,3
65,0,2,4,2
66,3,4,1,2
67,1,2,0,3
68,1,2,2,2
69,1,5,1,3
70,2,3,2,1
71,5,8,7,4
72,1,1,2,1
73,4,7,8,3
74,7,6,2,3
75,3,4,5,3
76,1,2,2,3
77,0,5,4,3
78,1,2,2,2
79,2,2,3,3
80,4,2,8,5
81,2,5,7,2
82,6,6,3,2
83,2,2,2,1
84,9,7,5,3
85,4,1,2,1
86,1,0,3,5
87,2,3,2,3
88,3,1,5,2
89,3,2,1,1
90,0,3,0,5
91,2,1,4,2
92,18,13,10,12
93,1,4,1,3
94,14,14,7,14
95,4,11,8,5
96,17,27,16,18
97,3,2,2,3
98,5,5,2,2
99,2,3,4,0
100,2,5,1,1
1,2,1,0,4
2,3,3,5,2
3,1,1,0,7
4,14,14,14,7
5,5,2,2,6
6,4,2,1,2
7,1,1,5,2
8,3,5,4,6
9,5,3,3,5
10,2,2,3,6
11,5,4,3,6
12,3,2,3,0
13,3,2,3,3
14,4,4,5,2
15,2,3,2,2
16,4,4,4,3
17,3,2,2,2
18,1,2,2,3
19,4,2,2,3
20,3,1,2,2
21,4,6,5,4
22,3,2,2,2
23,17,12,15,10
24,5,5,3,5
25,3,2,3,1
26,1,1,1,6
27,1,2,3,2
28,1,5,1,1
29,2,6,4,0
30,3,1,2,2
31,3,3,0,3
32,2,2,1,4
33,3,3,3,4
34,6,6,3,1
35,1,3,4,2
36,3,4,0,1
37,0,4,3,0
38,3,2,0,3
39,3,2,5,4
40,2,2,4,2
41,0,4,2,3
42,2,1,2,2
43,10,5,11,12
44,4,12,8,6
45,7,7,5,4
46,3,4,4,9
47,2,4,5,4
48,4,0,4,2
49,0,2,3,7
50,3,3,4,2
51,9,12,9,6
52,6,1,2,3
53,2,4,2,3
54,2,2,4,2
55,14,6,7,7
56,3,2,4,1
57,5,1,0,4
58,3,3,1,3
59,3,3,1,2
60,1,3,2,1
61,1,5,5,3
62,4,1,6,3
63,8,2,4,7
64,1,2,1,4
65,0,4,1,3
66,1,3,3,3
67,1,2,1,4
68,3,5,3,4
69,5,5,4,2
70,2,3,2,2
71,7,1,5,2
72,1,3,5,3
73,3,1,5,1
74,2,1,5,1
75,1,2,2,3
76,2,4,0,3
77,2,3,1,2
78,0,4,0,3
79,4,1,3,4
80,10,3,9,6
81,3,3,2,1
82,3,4,2,6
83,3,3,4,4
84,4,1,2,3
85,1,2,0,5
86,2,3,0,5
87,5,2,3,3
88,8,5,1,10
89,0,0,11,4
90,6,9,15,3
91,3,2,2,1
92,1,2,5,1
93,3,1,1,3
94,4,1,6,6
95,1,1,0,5
96,7,3,4,4
97,7,5,4,8
98,1,3,0,4
99,5,3,4,3
100,8,8,3,9
1,4,2,1,2
2,1,0,1,4
3,1,3,3,0
4,4,3,4,4
5,2,2,3,3
6,5,2,2,4
7,3,1,3,4
8,3,0,4,2
9,7,3,5,3
10,5,3,0,4
11,5,5,0,7
12,2,5,2,2
13,5,9,9,4
14,2,3,3,1
15,5,4,4,4
16,3,0,1,4
17,5,4,2,1
18,2,6,3,6
19,6,7,10,6
20,11,3,8,6
21,3,2,1,4
22,10,4,11,4
23,1,1,4,2
24,3,2,1,1
25,4,4,6,6
26,1,4,3,1
27,1,5,0,3
28,1,1,1,2
29,7,13,7,8
30,4,2,4,2
31,6,7,10,11
32,5,6,5,3
33,4,2,3,0
34,7,8,11,13
35,2,2,1,5
36,3,2,5,4
37,5,3,3,4
38,1,4,0,5
39,5,12,10,6
40,4,5,11,3
41,1,3,1,3
42,1,3,1,3
43,0,3,1,6
44,1,2,3,4
45,3,1,7,4
46,6,6,0,5
47,0,4,2,3
48,1,4,3,1
49,3,1,0,5
50,2,3,2,0
51,4,7,3,1
52,8,26,6,5
53,1,4,1,1
54,1,3,3,4
55,1,2,3,3
56,4,6,5,2
57,3,6,3,2
58,3,2,1,1
59,1,4,1,4
60,1,2,2,4
61,1,2,3,7
62,3,1,8,1
63,3,3,5,2
64,5,2,0,2
65,0,4,1,2
66,3,3,2,6
67,2,5,4,1
68,3,3,3,3
69,1,1,5,3
70,2,5,3,3
71,4,1,1,5
72,4,8,4,5
73,8,2,3,3
74,4,4,6,2
75,5,9,9,11
76,0,3,1,4
77,3,3,1,3
78,0,2,3,4
79,4,2,4,3
80,3,3,3,1
81,2,5,2,2
82,3,3,2,2
83,3,8,4,1
84,2,4,9,5
85,4,3,4,4
86,5,3,1,2
87,6,11,8,3
88,5,2,1,1
89,2,3,2,0
90,3,3,2,1
91,2,1,1,2
92,5,3,4,0
93,5,5,8,5
94,1,3,2,2
95,1,5,2,2
96,2,4,1,2
97,2,0,4,2
98,3,4,7,5
99,3,0,2,2
100,3,1,7,2
1,3,2,1,3
2,5,3,10,3
3,1,2,5,5
4,0,5,2,1
5,1,3,4,3
6,4,4,3,1
7,2,7,3,3
8,2,0,3,2
9,9,8,5,0
10,1,6,2,3
11,2,4,4,0
12,6,8,3,5
13,1,4,0,2
14,3,4,5,2
15,4,3,4,5
16,3,2,3,2
17,8,8,4,5
18,4,9,11,7
19,1,0,2,2
20,2,3,2,3
21,1,4,3,1
22,2,3,2,1
23,1,1,1,3
24,3,4,0,1
25,1,5,3,3
26,2,4,1,4
27,4,1,2,3
28,2,1,4,4
29,3,3,4,2
30,268,5261,326,297
31,4,4,2,1
32,0,4,3,4
33,4,6,3,3
34,3,3,6,4
35,1,3,6,1
36,7,8,5,8
37,5,4,2,6
38,4,1,6,8
39,7,8,6,8
40,1,6,3,1
41,2,5,5,2
42,5,5,3,1
43,1,3,0,2
44,4,3,6,1
45,15,6,6,4
46,1,5,2,6
47,3,5,7,5
48,2,1,2,3
49,4,5,6,4
50,6,1,3,2
51,5,2,2,2
52,7,2,2,2
53,2,3,6,2
54,5,1,5,2
55,3,2,2,3
56,4,2,1,0
57,8,8,11,3
58,0,3,2,1
59,0,6,2,2
60,1,6,5,2
61,3,3,5,4
62,5,2,0,1
63,5,0,5,2
64,8,0,2,3
65,3,3,7,3
66,3,4,2,2
67,1,3,2,2
68,4,7,2,2
69,1,2,1,2
70,4,4,5,2
71,3,3,3,0
72,2,2,4,2
73,1,5,4,2
74,2,4,1,2
75,5,8,1,0
76,7,4,4,8
77,5,12,6,13
78,1,4,2,3
79,3,4,5,3
80,2,6,3,0
81,5,5,7,2
82,8,15,12,11
83,2,2,4,4
84,5,3,5,4
85,11,5,4,3
86,3,2,3,2
87,2,2,0,3
88,5,5,7,6
89,2,5,3,3
90,1,4,4,5
91,5,10,5,3
92,1,4,2,3
93,5,8,5,7
94,2,2,2,4
95,3,6,7,2
96,0,4,8,5
97,10,3,6,1
98,1,5,4,1
99,3,4,3,1
100,2,0,3,4
1,2,4,0,4
2,5,5,10,3
3,0,1,3,4
4,2,0,4,4
5,7,13,10,6
6,2,0,3,2
7,1,1,6,3
8,2,2,1,1
9,4,2,5,4
10,1,2,4,1
11,3,1,3,3
12,1,6,2,4
13,1,4,2,3
14,9,5,8,8
15,4,3,2,2
16,1,4,0,3
17,4,1,3,4
18,2,3,3,3
19,5,5,7,5
20,5,5,2,1
21,3,3,5,5
22,2,4,1,3
23,2,1,7,2
24,1,1,3,1
25,3,3,3,1
26,10,13,4,4
27,3,6,9,3
28,9,5,4,4
29,2,1,4,2
30,6,6,8,2
31,6,6,5,2
32,3,4,1,4
33,3,4,5,4
34,6,3,2,2
35,4,10,9,4
36,4,8,8,3
37,1,3,4,1
38,8,15,11,6
39,3,2,2,1
40,2,5,3,3
41,8,14,11,12
42,1,4,3,2
43,2,3,2,2
44,7,8,8,5
45,3,2,2,1
46,2,3,5,3
47,6,10,9,8
48,5,1,2,3
49,2,4,5,2
50,2,2,5,2
51,11,5,8,5
52,7,16,15,3
53,2,4,0,1
54,5,3,1,2
55,4,5,2,3
56,9,2,3,2
57,2,6,1,1
58,4,4,9,2
59,6,9,13,6
60,5,1,6,4
61,4,3,4,1
62,6,2,2,0
63,4,3,2,2
64,3,2,3,1
65,3,1,4,4
66,1,2,6,1
67,1,3,1,1
68,3,1,2,2
69,1,0,3,2
70,4,4,8,4
71,7,4,4,5
72,4,3,2,0
73,0,2,7,3
74,3,6,8,4
75,3,1,0,5
76,6,4,1,1
77,4,2,3,4
78,5,4,5,3
79,6,3,1,4
80,5,3,0,2
81,14,24,15,3
82,3,2,5,2
83,2,2,6,1
84,1,0,5,4
85,4,8,7,4
86,3,1,4,1
87,3,5,4,2
88,4,4,2,2
89,8,3,8,7
90,9,20,12,4
91,7,5,6,2
92,7,0,3,2
93,6,5,4,2
94,6,8,5,4
95,0,6,2,8
96,6,12,10,10
97,11,6,7,2
98,1,2,2,2
99,3,2,3,2
100,5,2,2,4
1,4,2,1,2
2,5,9,8,1
3,1,4,4,2
4,5,5,8,8
5,3,3,7,4
6,11,5,5,7
7,1,1,1,3
8,6,4,3,2
9,4,1,4,2
10,3,1,1,1
11,4,1,2,2
12,8,17,11,6
13,3,2,5,2
14,7,6,5,3
15,4,3,3,0
16,1,6,2,1
17,2,7,8,5
18,14,11,9,6
19,1,3,4,3
20,3,1,4,2
21,12,10,10,14
22,3,3,6,1
23,6,2,2,1
24,4,7,7,2
25,5,4,7,3
26,4,5,3,0
27,7,3,6,1
28,6,3,5,1
29,11,4,2,4
30,4,3,3,2
31,1,5,2,1
32,3,3,2,1
33,4,2,3,1
34,3,5,4,0
35,2,5,2,0
36,21,33,20,10
37,2,10,8,4
38,5,1,0,1
39,4,2,1,1
40,3,1,2,2
41,22,14,12,3
42,2,4,3,3
43,1,2,4,1
44,3,2,3,2
45,10,4,4,7
46,1,2,5,3
47,3,3,2,2
48,2,4,2,2
49,9,2,3,2
50,2,4,3,2
51,7,4,3,5
52,3,2,1,2
53,5,4,2,2
54,0,2,5,2
55,3,2,4,3
56,6,11,11,5
57,1,4,1,3
58,6,9,6,7
59,1,4,4,1
60,13,1,6,10
61,4,4,6,2
62,1,6,1,3
63,3,0,2,3
64,3,4,4,0
65,5,8,9,8
66,6,7,3,3
67,0,2,3,5
68,3,4,1,1
69,4,7,5,4
70,4,7,9,16
71,1,5,6,1
72,4,4,1,0
73,2,5,5,1
74,2,2,7,2
75,3,4,1,0
76,3,3,1,2
77,1,3,2,1
78,1,4,3,4
79,3,0,1,5
80,1,1,2,4
81,0,2,4,3
82,8,6,5,5
83,1,3,2,2
84,2,3,5,2
85,5,3,1,3
86,5,3,9,5
87,3,6,0,0
88,2,5,2,2
89,5,7,7,3
90,15,6,13,7
91,2,1,5,5
92,3,3,1,3
93,3,2,5,2
94,5,4,7,4
95,1,2,1,4
96,3,5,5,1
97,11,8,1,2
98,3,1,1,4
99,6,3,0,0
100,2,3,3,2
1,2,0,3,2
2,2,3,6,4
3,4,3,2,4
4,6,1,7,4
5,1,4,4,3
6,8,4,4,8
7,4,4,5,7
8,4,4,3,4
9,2,2,3,1
10,4,1,3,2
11,3,4,0,3
12,57,46,43,14
13,3,1,1,2
14,3,3,4,1
15,10,9,9,5
16,9,5,4,2
17,4,6,5,6
18,5,7,7,1
19,1,3,2,2
20,4,2,4,2
21,4,6,9,3
22,1,3,2,2
23,5,2,3,1
24,2,2,1,5
25,7,4,3,2
26,1,2,3,2
27,3,2,2,1
28,2,4,0,0
29,4,3,4,8
30,1,4,0,3
31,6,5,5,3
32,2,2,4,0
33,6,8,9,4
34,2,4,3,1
35,4,2,3,2
36,4,1,2,3
37,6,4,5,4
38,8,7,12,4
39,5,1,6,3
40,7,5,2,3
41,11,3,12,12
42,4,2,5,3
43,5,5,4,0
44,4,6,6,2
45,5,1,1,2
46,1,3,5,1
47,2,2,2,2
48,8,8,4,3
49,2,6,1,3
50,3,0,3,3
51,3,1,4,2
52,7,3,7,3
53,7,3,4,2
54,2,1,4,2
55,4,3,1,3
56,10,8,14,7
57,3,4,5,3
58,3,6,6,3
59,5,4,7,3
60,12,11,11,1
61,3,3,0,5
62,4,3,9,3
63,7,2,5,2
64,6,2,3,0
65,4,8,6,2
66,11,6,9,6
67,9,4,3,5
68,2,2,2,4
69,2,2,3,1
70,9,5,7,1
71,3,4,2,4
72,15,6,9,6
73,12,6,14,3
74,11,6,4,4
75,6,3,13,8
76,1,3,4,3
77,2,3,5,1
78,2,2,0,3
79,11,4,13,4
80,7,4,4,2
81,7,6,7,14
82,0,3,5,3
83,7,9,10,5
84,4,0,6,1
85,2,2,2,1
86,7,2,1,2
87,5,1,6,8
88,8,3,10,4
89,2,2,4,3
90,9,14,17,22
91,8,3,3,2
92,5,2,6,1
93,5,5,8,2
94,2,0,4,4
95,8,2,6,0
96,5,1,1,3
97,3,3,5,4
98,10,4,7,6
99,3,4,9,5
100,11,5,10,3
1,2,0,2,2
2,0,6,3,1
3,5,1,6,2
4,6,4,8,3
5,3,4,8,3
6,1,1,4,2
7,2,4,5,4
8,16,23,17,41
9,4,2,5,8
10,2,1,2,2
11,5,4,6,4
12,1,2,3,3
13,2,3,1,2
14,1,1,4,2
15,1,2,1,4
16,2,3,3,6
17,2,4,3,1
18,2,2,4,2
19,3,2,1,3
20,0,1,3,4
21,3,3,3,1
22,3,1,0,1
23,0,1,2,2
24,5,10,9,13
25,5,1,1,1
26,2,5,1,1
27,2,4,1,0
28,5,2,4,3
29,8,15,10,16
30,2,4,4,1
31,2,2,1,5
32,13,14,8,13
33,2,1,3,3
34,2,3,4,1
35,11,12,6,6
36,4,1,3,0
37,2,2,7,1
38,1,1,1,1
39,9,12,6,6
40,2,0,4,1
41,1,2,2,0
42,4,6,2,3
43,3,2,2,4
44,6,7,7,9
45,2,3,5,4
46,3,5,2,2
47,15,32,6,51
48,24,27,11,10
49,2,3,2,1
50,2,5,1,2
51,1,1,3,2
52,3,3,1,1
53,5,9,7,1
54,6,7,4,2
55,4,6,4,3
56,0,3,1,1
57,9,4,7,4
58,3,6,3,0
59,7,6,3,2
60,4,12,14,13
61,2,1,5,2
62,4,1,1,1
63,0,2,3,1
64,8,3,4,2
65,6,2,3,0
66,10,14,7,28
67,9,6,8,5
68,5,3,4,1
69,3,0,2,2
70,7,7,8,10
71,5,1,3,2
72,1,6,8,6
73,2,2,1,2
74,8,11,6,4
75,12,11,4,5
76,18,20,10,7
77,7,7,6,1
78,5,5,0,2
79,2,2,4,0
80,7,5,4,3
81,3,2,2,2
82,7,16,16,3
83,8,3,4,6
84,1,4,1,1
85,2,1,2,1
86,3,2,3,2
87,10,3,4,1
88,3,3,2,1
89,9,16,8,10
90,3,1,1,1
91,3,1,1,1
92,7,4,1,3
93,6,4,4,4
94,6,4,4,0
95,5,1,5,0
96,3,2,4,1
97,1,0,7,1
98,5,6,2,1
99,3,2,2,0
100,13,11,9,6
1,3,2,6,0
2,3,3,5,2
3,14,13,10,25
4,2,2,3,1
5,3,2,0,1
6,3,1,0,1
7,10,21,9,41
8,11,4,3,3
9,9,7,7,3
10,3,17,8,4
11,2,3,0,1
12,4,3,2,2
13,7,2,2,2
14,7,2,3,2
15,9,23,5,6
16,5,0,2,1
17,2,3,2,1
18,6,5,1,2
19,11,39,4,11
20,8,5,8,9
21,1,1,2,0
22,2,8,5,3
23,2,2,2,1
24,1,3,2,2
25,11,27,2,18
26,0,2,2,2
27,15,16,3,10
28,5,1,4,0
29,4,2,3,0
30,1,3,0,3
31,4,1,0,4
32,5,0,2,0
33,4,1,3,0
34,4,2,2,1
35,5,0,0,0
36,6,10,6,9
37,3,0,2,5
38,5,4,1,1
39,5,0,0,0
40,3,3,4,1
41,4,2,1,1
42,4,4,2,2
43,6,12,6,10
44,4,1,1,3
45,2,2,3,1
46,4,2,0,0
47,1,2,2,2
48,1,2,4,1
49,5,4,2,1
50,1,1,3,1
51,2,3,3,1
52,3,1,1,1
53,4,0,1,2
54,4,8,4,2
55,7,4,2,2
56,2,1,2,1
57,0,0,3,3
58,9,13,7,4
59,2,2,3,3
60,16,10,8,12
61,12,10,9,5
62,2,1,3,2
63,11,7,6,7
64,12,4,10,17
65,4,5,6,6
66,1,1,2,2
67,5,2,1,2
68,10,12,8,8
69,1,2,4,0
70,2,4,3,3
71,1,2,3,1
72,3,1,5,1
73,12,19,4,15
74,2,1,3,1
75,2,1,2,1
76,0,1,4,1
77,3,1,4,3
78,12,7,6,22
79,2,3,2,2
80,2,1,2,2
81,1,1,1,3
82,2,1,5,0
83,2,3,1,1
84,2,3,1,2
85,3,6,5,3
86,4,3,8,4
87,3,2,0,1
88,7,3,9,4
89,3,3,4,4
90,12,9,3,5
91,1,0,0,4
92,10,5,11,8
93,2,0,2,2
94,0,2,3,2
95,1,1,3,3
96,2,1,2,1
97,8,4,8,7
98,3,1,1,2
99,3,2,3,1
100,0,3,2,1
1,7,6,1,0
2,8,6,3,4
3,6,3,3,3
4,7,4,2,1
5,7,5,4,3
6,5,0,3,4
7,5,5,4,3
8,6,17,6,15
9,3,6,6,5
10,3,8,7,4
11,7,4,1,3
12,6,3,5,1
13,6,4,6,3
14,7,2,3,2
15,6,2,3,1
16,8,7,5,8
17,4,7,5,4
18,3,5,5,13
19,2,6,6,15
20,6,0,2,1
21,4,3,4,3
22,2,12,8,11
23,3,5,8,5
24,4,5,6,2
25,3,5,6,5
26,5,4,4,7
27,4,5,4,3
28,5,2,4,3
29,2,4,7,2
30,5,5,5,5
31,2,4,6,7
32,6,11,5,20
33,6,2,4,2
34,4,1,4,12
35,1,7,8,7
36,7,6,3,7
37,5,3,3,3
38,3,5,7,9
39,5,7,5,7
40,7,7,4,5
41,3,2,4,9
42,4,9,5,9
43,7,4,4,6
44,4,6,6,5
45,7,4,5,5
46,8,8,3,3
47,5,7,4,4
48,4,2,5,3
49,6,2,5,5
50,4,1,7,10
51,8,4,3,1
52,2,2,7,1
53,4,8,4,1
54,7,0,4,0
55,8,5,3,1
56,3,2,5,2
57,5,2,6,2
58,3,6,7,7
59,4,2,5,1
60,5,3,3,3
61,4,4,4,5
62,8,2,1,0
63,6,4,3,3
64,4,4,4,2
65,3,5,5,6
66,3,9,5,6
67,5,7,3,4
68,5,2,3,3
69,5,3,7,8
70,3,17,5,11
71,5,4,2,5
72,8,9,5,6
73,4,18,5,14
74,8,4,1,3
75,6,3,6,4
76,4,9,5,10
77,6,7,3,16
78,5,6,4,4
79,3,9,6,2
80,3,7,5,4
81,1,4,8,1
82,5,12,3,16
83,4,2,6,8
84,3,9,4,4
85,2,7,9,7
86,5,5,4,12
87,2,9,7,21
88,6,6,3,9
89,4,5,5,10
90,5,6,4,10
91,3,12,5,11
92,4,4,6,16
93,4,8,5,6
94,0,10,9,9
95,5,14,4,23
96,9,0,1,9
97,6,11,3,13
98,3,2,5,3
99,2,37,8,36
100,2,10,6,3
1,10,12,1,19
2,5,23,3,7
3,5,6,3,5
4,6,2,4,5
5,5,12,3,11
6,2,12,7,9
7,8,18,3,16
8,7,21,4,14
9,5,8,3,10
10,0,10,8,12
11,6,4,3,2
12,1,17,8,10
13,4,3,5,2
14,4,12,4,5
15,5,8,3,8
16,4,21,6,9
17,8,4,2,5
18,5,0,4,3
19,5,12,4,7
20,5,3,3,5
21,2,7,7,4
22,3,12,5,10
23,7,13,2,5
24,6,11,5,7
25,3,3,5,3
26,5,21,5,15
27,4,5,4,3
28,4,18,5,10
29,2,14,7,11
30,4,17,4,13
31,7,21,5,17
32,4,33,6,27
33,2,5,6,6
34,2,12,6,14
35,7,6,1,6
36,5,15,6,13
37,5,38,3,25
38,5,12,3,7
39,6,23,3,31
40,2,19,6,12
41,5,5,4,5
42,2,1,5,1
43,6,4,3,5
44,1,16,7,14
45,1,11,6,3
46,4,32,4,19
47,5,10,3,8
48,3,40,5,20
49,5,19,4,11
50,1,13,8,22
51,5,6,4,8
52,7,16,1,8
53,3,17,4,20
54,5,14,6,14
55,2,30,5,22
56,4,33,5,28
57,3,6,6,2
58,4,11,5,11
59,4,5,5,10
60,6,11,5,10
61,7,14,1,10
62,2,12,5,4
63,5,15,4,8
64,4,19,4,14
65,5,4,3,3
66,6,17,2,9
67,5,6,4,5
68,2,9,5,7
69,6,5,3,4
70,6,12,1,10
71,2,17,5,9
72,3,9,4,1
73,5,3,4,1
74,3,16,5,19
75,3,13,5,24
76,5,16,3,11
77,6,5,2,9
78,2,15,6,14
79,3,7,6,6
80,4,10,3,5
81,5,23,4,20
82,5,24,3,32
83,1,12,7,16
84,1,19,7,25
85,1,10,6,6
86,5,28,4,15
87,3,18,4,18
88,1,24,7,16
89,3,40,5,21
90,3,20,4,33
91,3,32,6,18
92,1,22,6,17
93,5,9,4,3
94,5,10,4,10
95,2,16,6,11
96,2,18,6,3
97,6,47,2,30
98,7,11,4,14
99,2,28,5,31
100,3,9,5,8
1,3,2,2,7
2,3,2,1,4
3,8,3,4,5
4,4,4,0,3
5,2,7,4,2
6,1,2,3,4
7,3,5,2,5
8,4,3,0,6
9,3,2,4,4
10,5,3,3,4
11,2,3,2,4
12,3,5,0,4
13,0,4,4,5
14,4,5,3,2
15,3,3,2,7
16,5,3,1,3
17,3,5,3,7
18,4,4,3,3
19,3,2,4,6
20,5,1,4,6
21,1,2,6,5
22,3,2,3,6
23,3,4,3,7
24,3,3,5,5
25,2,2,4,6
26,0,1,2,7
27,2,1,1,4
28,3,3,4,5
29,0,1,4,4
30,5,3,2,5
31,1,3,3,7
32,4,3,4,4
33,4,3,3,3
34,3,2,6,6
35,4,6,7,8
36,2,2,2,8
37,4,2,3,4
38,13,10,6,28
39,1,5,3,2
40,2,0,5,6
41,5,9,10,8
42,4,3,6,8
43,13,11,16,22
44,2,1,2,3
45,1,3,5,2
46,2,1,4,3
47,8,8,5,4
48,1,6,3,1
49,3,0,5,3
50,5,3,3,3
51,1,0,7,9
52,1,4,5,11
53,9,10,13,21
54,6,1,7,3
55,5,2,6,5
56,4,6,8,5
57,3,3,3,4
58,5,2,5,3
59,5,2,11,12
60,4,2,3,3
61,4,6,11,5
62,3,1,1,6
63,3,2,5,4
64,9,6,8,3
65,3,2,14,6
66,3,6,3,2
67,1,4,7,3
68,19,23,19,66
69,2,5,5,1
70,0,3,12,4
71,4,3,3,7
72,6,4,7,1
73,6,5,8,1
74,1,2,5,9
75,5,2,5,2
76,7,8,12,4
77,7,3,6,2
78,4,6,9,3
79,7,8,5,22
80,7,4,10,16
81,7,8,9,12
82,7,3,11,4
83,9,7,12,6
84,6,2,11,7
85,2,1,3,5
86,1,4,8,2
87,5,1,5,4
88,2,4,5,4
89,8,6,8,4
90,2,1,8,3
91,2,2,1,4
92,9,9,6,32
93,3,2,2,4
94,1,3,4,2
95,7,2,8,4
96,3,2,4,5
97,9,4,6,4
98,5,5,8,8
99,5,4,7,3
100,7,7,15,15
1,3,1,2,2
1,4,2,7,1
1,1,4,4,4
1,2,1,4,4
1,4,1,4,5
1,14,8,10,6161
1,3,2,7,2
1,2,3,2,1
